generation,n_finished,effort.alpha_mean,effort.alpha_std,effort.beta_dist_mean,effort.beta_dist_std,effort.gamma_team_mean,effort.gamma_team_std,effort.delta_energy_mean,effort.delta_energy_std,effort.gamma_match_mean,effort.gamma_match_std,sustain.bias_mean,sustain.bias_std,sustain.k_gap_mean,sustain.k_gap_std,weights.lambda_speed_mean,weights.lambda_speed_std,weights.lambda_energy_mean,weights.lambda_energy_std,weights.lambda_risk_mean,weights.lambda_risk_std,weights.beta_loss_mean,weights.beta_loss_std,utility_mean,utility_std,utility_min,utility_max,utility_range
0,50,-0.14598555764424517,1.0400809447109918,-0.21029466882548728,0.9265793314377093,-0.0008097767735100149,1.0629991839462785,-0.18628484588455627,0.9106784063244575,0.023205254728310382,1.060517214374244,0.05612695574032086,1.1861730150384586,0.5244297307015676,0.9834485070313705,0.9406241264341765,0.9825321364122851,0.7477406088915199,0.9973710487636746,0.492920163405057,0.41510981242417266,1.6641024286179036,0.543746030784504,0.12132979101871011,0.3613258632932933,6.149759759173212e-09,2.0,1.9999999938502402
1,50,0.037565499856943664,0.8495223239125155,-0.2869886904259266,0.926350727663172,0.08441028769098587,0.9414968395846078,-0.017600888315394737,0.8294192398603615,0.08522806209236126,0.9457877758251947,-0.1268594328634871,1.1205945390250978,0.4602366473847342,0.9638998647352283,1.0212993908608836,0.8834865447157085,0.8192032855920526,0.9823949132492175,0.36057135266598017,0.4408100816158708,1.6129925829101572,0.5010864284216714,0.12132979101871011,0.3613258632932933,6.149759759173212e-09,2.0,1.9999999938502402
2,50,0.026184912525473083,0.8194971518865891,-0.2531503868628552,0.7515180286670952,0.0906962228872548,0.8984731273151851,-0.061365525541600685,0.791781687298767,0.1360628949373161,0.9086665379933018,-0.11414691135907583,1.1324065065836055,0.4911939366802868,0.9798698676547545,1.0245590266441653,0.8556208871331185,0.7780520564236283,1.055206628182976,0.4264162258980466,0.4765405569093955,1.635139467745369,0.44969917550722727,0.12132979101871011,0.3613258632932933,6.149759759173212e-09,2.0,1.9999999938502402
3,50,0.10256999980348484,0.6827487236250865,-0.2824013727735307,0.6445150326503034,0.25299606026172206,0.7900732734951815,-0.11191880885118578,0.7243958098481933,0.05292662769311465,0.89781438928327,-0.05164887183153932,1.031294725180366,0.4547449045657129,0.8500318790417702,1.1690192739023761,0.859804164087222,1.0419590611970062,1.0154923742894355,0.46904812731446194,0.4847118323786939,1.7346694508374954,0.5131828530381163,0.12132979101871011,0.3613258632932933,6.149759759173212e-09,2.0,1.9999999938502402
4,50,0.14605810517947812,0.6093771612496207,-0.3039931677256143,0.6199225027153502,0.23033001232155143,0.9059497668143764,-0.2926931573914871,0.6835299505880824,-0.03910575119491214,0.840496648319468,-0.12679614661176736,0.8349600854125917,0.3821373678079974,0.7996136766210281,1.1898088565640097,0.8643130943058419,1.0969406075824895,1.0893610648833523,0.47054683307427614,0.5133759574910695,1.7897224669438214,0.5642076585025245,0.12132979101871011,0.3613258632932933,6.149759759173212e-09,2.0,1.9999999938502402
5,50,0.09821863302041507,0.640250243756862,-0.3503414540079301,0.5302016282900642,0.11729693611026144,0.9450735590024614,-0.43012802788187904,0.6476574364068223,-0.14736867219049574,0.7759975106452689,-0.05856415346091531,0.8858820568332529,0.29131627179928493,0.7987528941617534,1.1639801180370954,0.7522604356198709,0.9508276500367796,1.1082576370112287,0.4840174819612568,0.4721753467945992,1.7366356171303554,0.49392672151116773,0.12132979101871011,0.3613258632932933,6.149759759173212e-09,2.0,1.9999999938502402
6,50,0.12445343432342974,0.5903959568974226,-0.33971358121031925,0.5028165339796727,0.15886407977821537,0.9249997719061225,-0.408706666583041,0.6269955903798586,-0.08254803531068022,0.7564750208383914,-0.1035725168355588,0.8084227159086905,0.3712883168226221,0.7670557895022919,1.2408629329765017,0.7638130946371836,0.9807112731783486,1.0785279819716473,0.5480332859627454,0.46615889251920584,1.7537891323065986,0.48498236206905365,0.12132979101871011,0.3613258632932933,6.149759759173212e-09,2.0,1.9999999938502402
7,50,0.13482106338668215,0.5867634580837393,-0.31028879620852123,0.49591750888108527,0.24750352637514597,0.9286568154712567,-0.45985296995886743,0.5762133114960801,-0.05898917409982259,0.7073214134185662,-0.18376063018273275,0.7858524002281797,0.3625964455158311,0.6745942229159447,1.3164778997395865,0.7990064580328856,1.0698145307216673,1.055415098522963,0.5701886617358922,0.49258440376739626,1.8217155884989715,0.4744218748765309,0.12132979101871011,0.3613258632932933,6.149759759173212e-09,2.0,1.9999999938502402
8,50,0.15811154984758158,0.5389107960338709,-0.37085506082972414,0.48546175863557606,0.30963688812972506,0.8489792182085486,-0.43255499378106094,0.545170929474144,-0.1368755040686524,0.7115767615651326,-0.20553557871893186,0.7164140217724421,0.34645074176524626,0.6537951382969142,1.2147106092931805,0.7878765999101119,1.1387279165223059,0.9800346108903816,0.5735184537943917,0.46941052948364115,1.8042533089230468,0.3985904639283321,0.12132979101871011,0.3613258632932933,6.149759759173212e-09,2.0,1.9999999938502402
9,50,0.11321534582033052,0.5138583820814486,-0.44433364375689993,0.48625420144930426,0.16293780433323377,0.9052847061270278,-0.3936596340277138,0.4848821638731588,-0.15453241421790767,0.6945424835413512,-0.17404787360803517,0.6753535038396489,0.2772665567504015,0.5825825656868757,1.2769914849021287,0.7474225905680749,1.0294730884700538,0.9887663755746896,0.540922663953052,0.48121080998494964,1.7481015920788332,0.4119970472066567,0.12132979101871011,0.3613258632932933,6.149759759173212e-09,2.0,1.9999999938502402
10,50,0.08263260575586891,0.5464829260665128,-0.3732559975731585,0.47710479417179114,0.24070774280489554,0.8333095803737122,-0.39836861189310446,0.4056845626125172,-0.17805738548858763,0.6965784056895102,-0.1941493365345117,0.6760382724702662,0.297531842413641,0.5377895984217591,1.30795282414441,0.7577187714243715,1.1208598767519484,0.8899924538388757,0.5799863563359037,0.4410887618173725,1.8184856687375721,0.4328175588095648,0.12132979101871011,0.3613258632932933,6.149759759173212e-09,2.0,1.9999999938502402
11,50,0.05609447154064941,0.5470094086156231,-0.4595121404294046,0.5002029822583038,0.025040856847461254,0.8978355428096225,-0.36954497146979864,0.4514482166978877,-0.20469780928659204,0.6857436051974628,-0.1498273449764116,0.7169064157330864,0.19949425885440095,0.5552193309193577,1.3081269726613642,0.6658596994407323,0.935288992243702,0.9616430269131317,0.49774234852157284,0.43548527365943224,1.7509228858730848,0.44943835440570395,0.12132979101871011,0.3613258632932933,6.149759759173212e-09,2.0,1.9999999938502402
12,50,0.014547481958077138,0.5871335463409737,-0.3516402556770807,0.5036385471957915,0.029532529018413085,0.850649951826095,-0.33242334074637603,0.46807883715233384,-0.2053081075157038,0.7293292018358682,-0.1223166701673365,0.7303581947844485,0.21312167379607516,0.5321898206849056,1.312605712508808,0.6447097048077802,1.0855291771680757,0.9107659031619952,0.4829080674323297,0.3952105762561872,1.8705171097993667,0.4964028083285285,0.12132979101871011,0.3613258632932933,6.149759759173212e-09,2.0,1.9999999938502402
13,50,0.04611353797028023,0.6046359912591118,-0.33852225011526693,0.4834226126161056,0.07991838696180306,0.8760805385137312,-0.3816194106210173,0.43386392347844815,-0.20600862627229446,0.7086439658738124,-0.07764759899998076,0.7172242974670294,0.21791985799799066,0.5362246059854892,1.347956710269935,0.6825871189541672,1.0954081651018992,0.8944976408959678,0.5379163601924251,0.4169151546977165,1.8843916433494623,0.4456509246464973,0.12132979101871011,0.3613258632932933,6.149759759173212e-09,2.0,1.9999999938502402
14,50,0.07128515569896453,0.5553665967957947,-0.3043732031866504,0.44351778215428056,0.17756900769227996,0.7512429619313874,-0.3997675282483334,0.3854295718030512,-0.22624097281925895,0.6655579514801163,-0.11866484527181091,0.6736806986082847,0.2545797273181582,0.4926948602480286,1.3266287956805307,0.6850133363681272,1.2194940580466604,0.8001280661418088,0.5480030246785109,0.4017428808417713,1.9465310064426535,0.4096741989628801,0.12132979101871011,0.3613258632932933,6.149759759173212e-09,2.0,1.9999999938502402
15,50,0.05058458677616458,0.5632092710093548,-0.2756546526683003,0.4213127435335515,0.05195002267769603,0.7990595746052503,-0.40248956982159445,0.36249875684011174,-0.24073274124211755,0.6823025131516817,-0.010296390594727268,0.6759927864427756,0.1851706916855044,0.5524350322291945,1.3257883332316611,0.6598736374864507,1.113693370406085,0.8192491108055567,0.5350467515506516,0.3893464869353239,1.947630754738694,0.40890674944123306,0.12132979101871011,0.3613258632932933,6.149759759173212e-09,2.0,1.9999999938502402
16,50,0.10925637357017774,0.5373536744712415,-0.32804285592291693,0.3596465978980583,0.1511142003725261,0.8162088329918041,-0.39976104445691846,0.31115241464808974,-0.29088664764292727,0.6166768921753869,-0.013562614542236222,0.5453910551048611,0.1883362120337238,0.4270035921281157,1.376947583962165,0.6688879703145613,1.249219471313008,0.7724881910453143,0.5505790673152559,0.39660530801663707,1.9811266547883357,0.39099268410846616,0.12132979101871011,0.3613258632932933,6.149759759173212e-09,2.0,1.9999999938502402
17,50,0.09987431076188276,0.46733059706992186,-0.2908927609682099,0.2864038105661435,0.24202442660747006,0.6942694146603857,-0.41348688169289555,0.2869014453586408,-0.31766234406877114,0.446879963529506,-0.13124906545267842,0.5328585723361723,0.21676606177916885,0.3603046972456863,1.4000392819804848,0.6801106590353094,1.3377731202436187,0.6421377708918414,0.5903255668296327,0.3967980506286865,2.0239027218850074,0.3339917306303654,0.12132979101871011,0.3613258632932933,6.149759759173212e-09,2.0,1.9999999938502402
18,50,0.06195981405675953,0.4127404251947444,-0.2915888966987908,0.30859137977525863,0.128683502259155,0.689495767132836,-0.4089661838235129,0.28536223529208066,-0.32584480654325376,0.45356396063802,-0.07684878921768509,0.5360714613282974,0.18932219452760457,0.3654150488550025,1.3704588155898587,0.591106009131447,1.2138287990007586,0.7444914112155321,0.5389157066559377,0.3502745997044605,1.9951673448758518,0.36845183735616527,0.12132979101871011,0.3613258632932933,6.149759759173212e-09,2.0,1.9999999938502402
19,50,0.08416641938783992,0.36923511206120546,-0.260584400767415,0.2693902839552043,0.2536000723798957,0.5063798168181929,-0.42796622418823493,0.270206477025164,-0.35777548454247043,0.43882302994282235,-0.1753787087757269,0.4935154851921331,0.22735586521753318,0.3211168768365536,1.325104368999014,0.5801409502600017,1.3711653622850783,0.5619930167815638,0.5340700392804312,0.3063004887313987,2.070205986175021,0.3054332908257203,0.12132979101871011,0.3613258632932933,6.149759759173212e-09,2.0,1.9999999938502402
20,50,0.06337109426616418,0.3596513397334142,-0.2514001048424639,0.25226326226016593,0.2518959524188151,0.43521188240849235,-0.4203124895568709,0.25318582386482236,-0.3292067952832053,0.41173066663262925,-0.22678034867827943,0.4598279598044615,0.2620135611222908,0.23299951273221317,1.2767936647322704,0.5471621880267491,1.3693221856730726,0.47074831256789557,0.5134451790088267,0.29225041604474,2.0678806978954207,0.2632856186616695,0.12132979101871011,0.3613258632932933,6.149759759173212e-09,2.0,1.9999999938502402
21,50,0.06460109862030858,0.31530711468353156,-0.28918318117982095,0.2478391331564247,0.26657406092489927,0.3776032951278826,-0.455237902640368,0.2267648133329919,-0.39820078126654085,0.3768528440103759,-0.2734565120010072,0.3946589684825995,0.2515598017657005,0.22643819265491485,1.2380620475780058,0.5120147632429856,1.3634918135945733,0.4685704217155841,0.48296309843428376,0.2583702528971481,2.0676115450987775,0.27104237356313143,0.12132979101871011,0.3613258632932933,6.149759759173212e-09,2.0,1.9999999938502402
22,50,0.10276641409946329,0.2079731568656302,-0.27273723021941115,0.24468136746876137,0.28510178072502296,0.36815497099977607,-0.471871813803505,0.22996108643722354,-0.41112110168827465,0.2907632642377605,-0.2676881613111066,0.3026346131909255,0.23290664185267848,0.1764809960840413,1.281952527627143,0.46783508975311555,1.4323892138229783,0.40342743497961014,0.480897260918789,0.25674155067058646,2.1186381838496473,0.26784823700892224,0.12132979101871011,0.3613258632932933,6.149759759173212e-09,2.0,1.9999999938502402
23,50,0.07617887415029802,0.14423943004641482,-0.2569619772261216,0.20333601569419196,0.2849083834859193,0.3092150361056567,-0.5082181885257175,0.19219170305690528,-0.4197133786263029,0.273454492457621,-0.3287034932377157,0.33131934542926544,0.2396794428252215,0.16093531049711624,1.2012823296517703,0.3909512976261447,1.4389102821199256,0.39806440830994716,0.45555759674919005,0.1735674413282363,2.1331232362400696,0.24588300678537595,0.12132979101871011,0.3613258632932933,6.149759759173212e-09,2.0,1.9999999938502402
24,50,0.07861341906946857,0.1396572152513254,-0.2780067800796951,0.17678446733639944,0.2828085025788041,0.29469077442614555,-0.5030382904422076,0.16445187256698937,-0.42488650275444717,0.23624602763410707,-0.3280462710304135,0.3065400079792401,0.23929440284055428,0.15219094680642306,1.1705548821086202,0.3695420277962088,1.4305492439417795,0.38752413877778896,0.4511518792115195,0.16958879424450138,2.105721224931763,0.22583449871942768,0.12132979101871011,0.3613258632932933,6.149759759173212e-09,2.0,1.9999999938502402
25,50,0.08903591556280596,0.14518313310156225,-0.30414759301590805,0.18278983153728978,0.30932719716004575,0.30740441890961295,-0.5025874780384628,0.162535216334287,-0.4506636957905627,0.23606002793666125,-0.312046656256617,0.28858756386980977,0.24430539619413422,0.15360073387416182,1.161619142461905,0.3792597926834723,1.467790114917116,0.3929427523120408,0.44771213050849534,0.18266201645949123,2.0916399712684126,0.2247182076485802,0.12132979101871011,0.3613258632932933,6.149759759173212e-09,2.0,1.9999999938502402
26,50,0.09458397019488553,0.13557887176480982,-0.3263333598930941,0.16678940467601555,0.32173737564345223,0.3052008277810289,-0.516972990407895,0.15635709273187787,-0.4612051112690872,0.23408368247321215,-0.3414026858948303,0.27883029655895675,0.25177872036536797,0.15352640741091553,1.125280015187603,0.3609732239874988,1.4728500800159132,0.4019906487259276,0.43635018033290673,0.17929497475434916,2.0766628904098794,0.20639045417134108,0.12132979101871011,0.3613258632932933,6.149759759173212e-09,2.0,1.9999999938502402
27,50,0.10452586549247733,0.15452435817542215,-0.31940114790221946,0.16091695422957172,0.35480210430200687,0.3204399133222847,-0.5194393069737573,0.15473587302701003,-0.4290670326026124,0.2301099531714688,-0.3668918795096654,0.30455424853892993,0.27450139344255453,0.15341998783058206,1.152403691334544,0.40059960214896123,1.4689162087850463,0.38241838748425605,0.47102025657665453,0.21202901456908016,2.07502986428846,0.19955600552500857,0.12132979101871011,0.3613258632932933,6.149759759173212e-09,2.0,1.9999999938502402
28,50,0.08370385688040288,0.14770134892059011,-0.3282873876250922,0.14667224241672425,0.3317734517287332,0.3076019749033802,-0.518409685645653,0.15687273257267,-0.3956139585372722,0.19957435911799234,-0.3927590972391925,0.2984669582147871,0.2806050805780779,0.13135596614028763,1.0947302305721551,0.35360110894770796,1.4557295025803183,0.3891317207100486,0.4516078934240255,0.19827682619282855,2.0415709651894174,0.1649830347003991,0.12132979101871011,0.3613258632932933,6.149759759173212e-09,2.0,1.9999999938502402
29,50,0.07974197105646258,0.13699545378474903,-0.3348628475720678,0.11096425616230601,0.3136982188746692,0.2987170671268726,-0.5057048157095182,0.0860008491830439,-0.39842103574082227,0.14236122303103144,-0.3876229792169961,0.28123074152138244,0.26821373147679994,0.12624896533298757,1.0886516921856375,0.3319948878742096,1.4118009087178125,0.3694811786187009,0.45392488124327973,0.1805141115677485,2.0269191426384654,0.14692447578245277,0.12132979101871011,0.3613258632932933,6.149759759173212e-09,2.0,1.9999999938502402
30,50,0.08443610761825639,0.11743840671920455,-0.33849764905855295,0.10507341188719828,0.3334448300050811,0.28047092523513734,-0.5114486605430689,0.07280132392248764,-0.4157065253361116,0.1320383482718779,-0.4172246916569103,0.27701949917401675,0.27433488061078853,0.12028112800180234,1.0667314920440716,0.30015732746311985,1.4351081909756798,0.36030319190513277,0.44772777937795527,0.15411296066236724,2.0366644267181613,0.14539852583142812,0.12132979101871011,0.3613258632932933,6.149759759173212e-09,2.0,1.9999999938502402
31,50,0.09579586510166552,0.11671608989973481,-0.33579949674095494,0.1037406788048281,0.35473735996023437,0.2773958864463819,-0.5046385635171239,0.06939825228537756,-0.4258429454518776,0.13139922635431672,-0.39897940873642435,0.2700950008624794,0.27690897427225203,0.11783700768251636,1.1044308025524663,0.2861500779480643,1.4660566172810534,0.3527251788062651,0.456533676674875,0.14948215735180756,2.0531385321933717,0.14074343979988907,0.12132979101871011,0.3613258632932933,6.149759759173212e-09,2.0,1.9999999938502402
32,50,0.09892622050817339,0.11969337127212652,-0.3296807004104825,0.10193356771087589,0.37331343678053724,0.2746781654731099,-0.5040745483629578,0.0691735600383946,-0.4329765186911731,0.11827662378822106,-0.39124168965607775,0.2594903886021741,0.2805869104460233,0.11599548003584989,1.111589489085316,0.300079757703938,1.4951506791706373,0.34759276630571034,0.46372059274555744,0.15046973302860728,2.065268625658623,0.14381650383686867,0.12132979101871011,0.3613258632932933,6.149759759173212e-09,2.0,1.9999999938502402
33,50,0.08834907327527863,0.1161049472460763,-0.33451598685620526,0.09271061086117476,0.364094463905181,0.27022122377086216,-0.5050552169506348,0.06365736926085987,-0.425452026323709,0.11054248586071308,-0.405412621187562,0.2524605562407259,0.2837246126112028,0.11207587789562959,1.0827685307380899,0.28816656968245263,1.4996755791846992,0.3444579527313671,0.4511381283659624,0.14334069062294635,2.0556348346812636,0.13575578641370492,0.12132979101871011,0.3613258632932933,6.149759759173212e-09,2.0,1.9999999938502402
34,50,0.07323064016562014,0.11912735731385675,-0.3320340401440948,0.05355549472617602,0.3662894247295104,0.1953315760414842,-0.49012293266543366,0.06909216888766749,-0.42882897505477063,0.10979728727550282,-0.38719889122715107,0.204760999342703,0.2918890793936266,0.06993966754797022,1.0596632937848434,0.2605069798403971,1.5548386054186831,0.21987034238266678,0.43612218125505875,0.13893234230251486,2.0546058635377267,0.08780443626334553,0.12132979101871011,0.3613258632932933,6.149759759173212e-09,2.0,1.9999999938502402
35,50,0.07508454189510667,0.11730633665187966,-0.34409438208586596,0.056157407107293736,0.3380405008153143,0.20003599701415187,-0.49338456903844297,0.06868582032305547,-0.4344238408068728,0.10946172705623029,-0.35412314180441073,0.18949025404136496,0.2766735770570431,0.07480516126807736,1.0811818997374731,0.2544302022391649,1.5143719228574142,0.22730793985261297,0.4392992245502499,0.13612005914807465,2.036707760901888,0.08540670658112381,0.12132979101871011,0.3613258632932933,6.149759759173212e-09,2.0,1.9999999938502402
36,50,0.060434843387531176,0.11538649168379381,-0.33641600188960913,0.05572751066235804,0.30866085043772246,0.19201032909056276,-0.490999775039833,0.06856218006603805,-0.43041274514925515,0.09988018330436187,-0.3456736663653051,0.16850374939934387,0.26734354278465267,0.07098260923536086,1.0791089999769414,0.23830680188986378,1.500748262129479,0.22252755052030684,0.4302773031767328,0.12956453131491757,2.039310389948815,0.0869049480791319,0.12132979101871011,0.3613258632932933,6.149759759173212e-09,2.0,1.9999999938502402
37,50,0.052835765143479194,0.1042063569149131,-0.3411528254834982,0.05539896226060189,0.295953883303029,0.16886662364818705,-0.49088549303402806,0.06652860373001648,-0.4254938807440409,0.0953628519890186,-0.34821248590210746,0.15978278937480206,0.26232462020950553,0.06489605756378038,1.062008394371184,0.20761559037686628,1.4882962926996084,0.21343027851356616,0.4244915433077218,0.11063902818080312,2.03043596950603,0.08327746041158661,0.12132979101871011,0.3613258632932933,6.149759759173212e-09,2.0,1.9999999938502402
38,50,0.04701134022239282,0.107262752372329,-0.3357714876837445,0.042052776726664985,0.30242494898014255,0.1624743354631085,-0.4733391387543482,0.06668651657016174,-0.4077659891345496,0.08159926565457191,-0.32840856198746565,0.15491046186963775,0.2723194336794061,0.06238750573229729,1.0718190120663118,0.20778784122482188,1.5158541497046778,0.18786280985673234,0.43158656783310345,0.11941442586435501,2.026157642313888,0.06302190125207253,0.12132979101871011,0.3613258632932933,6.149759759173212e-09,2.0,1.9999999938502402
39,50,0.049446325920624395,0.10669014942687018,-0.3409619785497137,0.043414682585555614,0.30058479317790104,0.15824255659729572,-0.47652570760230006,0.06683022155737733,-0.4138445191036282,0.08275367112074013,-0.3181152469999622,0.12445423225311325,0.2695990291736793,0.06014594478465412,1.0764081527219937,0.202446580861057,1.511580885428685,0.18487672681182712,0.4326290470703876,0.11803485573110196,2.0227932638536967,0.06087558943781295,0.12132979101871011,0.3613258632932933,6.149759759173212e-09,2.0,1.9999999938502402
40,50,0.04268666884680964,0.09879516642994919,-0.33982851663800234,0.041064436682293426,0.2935474503337977,0.14193546760424863,-0.47848527164400795,0.06400877477268418,-0.41658235290415946,0.08722090742348264,-0.32610777590721846,0.12902390120841675,0.26847094973890695,0.05488533416023838,1.066554954549521,0.1850064124367648,1.5034957702790164,0.16562457918345763,0.42616037660028994,0.1117898553619315,2.025267507654549,0.05761297371903006,0.12132979101871011,0.3613258632932933,6.149759759173212e-09,2.0,1.9999999938502402
41,50,0.04100173925355662,0.0946739149809357,-0.33948538530370975,0.036717203654908374,0.3073107489077935,0.13981672845550205,-0.4790799468923529,0.05891566068171447,-0.4227813377336856,0.08854222910841165,-0.33995098947925384,0.1347060900547204,0.2766871683676726,0.053559045431449515,1.0500778082054838,0.17862530387203548,1.5302816957716727,0.14687896298743558,0.4154834363483322,0.10689635794434411,2.0315044549370724,0.05371716936673527,0.12132979101871011,0.3613258632932933,6.149759759173212e-09,2.0,1.9999999938502402
42,50,0.04196995967143815,0.09097552730655006,-0.3398196611596126,0.03663810719617737,0.3097404011449831,0.13425044348627352,-0.47520952038145714,0.06046962743266453,-0.41508428751279,0.0820448421465603,-0.3392646144778224,0.1436626789765959,0.28037555016608684,0.051057697177196056,1.0516416512531883,0.17712065950263056,1.5279192591082609,0.13837212110281713,0.42192238678433364,0.10533930080039663,2.0298171349515446,0.04756780257413835,0.12132979101871011,0.3613258632932933,6.149759759173212e-09,2.0,1.9999999938502402
43,50,0.033207928013999695,0.06738667123029772,-0.3374438573893909,0.039334480084370835,0.27560103028553384,0.0943635918266845,-0.48822228376144317,0.059892401606167864,-0.41475707071764195,0.07793436648244298,-0.3558119396010907,0.13584039653467603,0.26606323362923734,0.044890309481438115,1.0373412933723642,0.12079395782727442,1.4791426952933489,0.13915812298743113,0.41193047299019536,0.07107881694683867,2.0295308328294537,0.048638905565286716,0.12132979101871011,0.3613258632932933,6.149759759173212e-09,2.0,1.9999999938502402
44,50,0.035551249424987996,0.0656117874354253,-0.33348094014068347,0.037636676206479494,0.281487943842024,0.09569398434128754,-0.4934910556202029,0.059757406244511674,-0.4017684627394862,0.07185372475546165,-0.38209879760833626,0.1324528053409449,0.2710434832552557,0.04533941985664858,1.0313519776154367,0.11058111917991996,1.466942790018086,0.1388358235322468,0.4187171840718062,0.07253310980106129,2.027682229588469,0.045875139047482076,0.12132979101871011,0.3613258632932933,6.149759759173212e-09,2.0,1.9999999938502402
45,50,0.047335083454246175,0.07229353225758015,-0.3300555624147729,0.038062900526870475,0.2939480710871901,0.10573188412604838,-0.5034130113472252,0.05512151311011991,-0.4028453707884288,0.06605278633582305,-0.39929800759747847,0.1297787945569131,0.27451190982172174,0.04828536213103866,1.036657449914125,0.12739213353280682,1.4602395026275945,0.13281136610985392,0.42634417487450044,0.08064449368678663,2.0325518627683348,0.04700157526241753,0.12132979101871011,0.3613258632932933,6.149759759173212e-09,2.0,1.9999999938502402
46,50,0.054709360353012396,0.07095648783359015,-0.3336706032131859,0.0369429735145604,0.31444149454713216,0.10856887533612353,-0.5048677382593995,0.049820820934241034,-0.4056240475611012,0.06621998785580405,-0.40837642468924124,0.12177719933084187,0.2822076210965359,0.049622093103471175,1.0412322156638498,0.12351182210684937,1.4741934437723936,0.1292523409546138,0.43032298506483735,0.08175219606298773,2.0352123947592293,0.04623715596150689,0.12132979101871011,0.3613258632932933,6.149759759173212e-09,2.0,1.9999999938502402
47,50,0.05288256813850055,0.0658289675465462,-0.33396725293258694,0.036340706356784304,0.3150623197225364,0.10268430667214128,-0.505716679577699,0.047806004495223535,-0.40893074847137095,0.06467462776419686,-0.4151307108201366,0.11224638725198081,0.2843650566844098,0.04663552098053344,1.0300328128377068,0.10960071424455611,1.4797096056224377,0.12879279312920924,0.4249788312521586,0.07160989801858264,2.036587366030917,0.045932944515765003,0.12132979101871011,0.3613258632932933,6.149759759173212e-09,2.0,1.9999999938502402
48,50,0.05559956815170676,0.06933180712444834,-0.3349299790308725,0.0249795951135643,0.331910695611877,0.09666460849687783,-0.4993006379676868,0.04661637261993081,-0.39705405264271587,0.05116119749512942,-0.42082048450957804,0.11386173959119311,0.2978061287726684,0.035768958202904155,1.0235196730706568,0.11765072784377471,1.5026190708304525,0.11913567246685218,0.4297542287281381,0.07600221008098665,2.0306727919342893,0.038069303588341374,0.12132979101871011,0.3613258632932933,6.149759759173212e-09,2.0,1.9999999938502402
49,50,0.05785788023762189,0.06779292498371445,-0.33201489583676697,0.023882111855869012,0.33893379404274293,0.08846977419369186,-0.4972727538879361,0.04510806609077265,-0.39509197999695395,0.04958045725819061,-0.4188724908691837,0.10726044715829267,0.2998530747541781,0.030227809054117545,1.0309538663312454,0.11448366237401023,1.5113211930368486,0.10715061016142169,0.433361920108655,0.07532940010442542,2.0340813862297886,0.03549689609194812,0.12132979101871011,0.3613258632932933,6.149759759173212e-09,2.0,1.9999999938502402
50,50,0.059929612648314194,0.06829149705885973,-0.3301076829575433,0.02362285044072975,0.338367930734726,0.08784168612972428,-0.49842690509754967,0.04490467929714795,-0.39071618797560514,0.04619657028861856,-0.41700871469566536,0.1040726862195718,0.29723513830016907,0.029965517424129673,1.0381386347381276,0.1138074321579316,1.502800567688893,0.09577247147010143,0.4364866364149407,0.07382471204376577,2.03445674744703,0.03281216523380234,0.12132979101871011,0.3613258632932933,6.149759759173212e-09,2.0,1.9999999938502402
51,50,0.05630810675419184,0.04956802656457274,-0.3329151989107753,0.022025565967403522,0.329778527480947,0.06562308997793441,-0.49786532977063774,0.04640033828044912,-0.3936116270758,0.04266753747257994,-0.41638993455115647,0.10165255409669471,0.2950392369927701,0.02644362678274605,1.0249982624536702,0.0704832033359597,1.5035090810332348,0.10316229057926417,0.42956963684506666,0.05832735536874701,2.0334270838400275,0.03186025802597738,0.12132979101871011,0.3613258632932933,6.149759759173212e-09,2.0,1.9999999938502402
52,50,0.05758176391482234,0.039122343693249725,-0.32942240823829944,0.021834327553904215,0.3330717503749066,0.055747290187625996,-0.5001851005079727,0.041830279095247655,-0.38987360482817185,0.040967671796194725,-0.4309618084117998,0.09477113213496532,0.2987249588528041,0.022728729663369085,1.0244659610816884,0.06389748802223598,1.5020333832194022,0.10064378471645245,0.4311288102659631,0.05333155838072821,2.0319673960038616,0.029475716264314264,0.12132979101871011,0.3613258632932933,6.149759759173212e-09,2.0,1.9999999938502402
53,50,0.055038316906255005,0.04254754702351322,-0.3278695275905744,0.022710708205701806,0.32995229640889107,0.05599740124817891,-0.4975430060338365,0.044217560771052586,-0.3883223203842902,0.038975744939250316,-0.4220397263293224,0.09758314483889258,0.3016818005388219,0.025442333758446616,1.0217900288936514,0.06366604188324816,1.5078089736326412,0.10018952325856112,0.429513125722057,0.052926281158569476,2.0295894050590384,0.026631540361760263,0.12132979101871011,0.3613258632932933,6.149759759173212e-09,2.0,1.9999999938502402
54,50,0.05731184220658445,0.041506537330407954,-0.3277177403474779,0.02258174470180382,0.33361617127650384,0.053844790022079786,-0.49820393388881745,0.04245695028151202,-0.39123853466581515,0.03964509526540482,-0.42586482475815973,0.09157213319092143,0.30091582833326064,0.024744501370051776,1.0274739125891028,0.058322046867476385,1.507506685180753,0.09386075546160948,0.4302225823079726,0.05183972435339502,2.035849255504427,0.02588031730995412,0.12132979101871011,0.3613258632932933,6.149759759173212e-09,2.0,1.9999999938502402
55,50,0.06543197110898485,0.03809180283303454,-0.32831773205954834,0.02160347001389879,0.34319458109586093,0.04775148882073214,-0.5008797311223813,0.03369400772826973,-0.395050166776928,0.0411026305304246,-0.42273478921753194,0.0809389613286244,0.3006947707046752,0.02381283427976544,1.0369328301331304,0.0570177082337624,1.508493125098543,0.08377974194931459,0.4370484419024373,0.04805118884435293,2.0406092664173876,0.023882287364405962,0.12132979101871011,0.3613258632932933,6.149759759173212e-09,2.0,1.9999999938502402
56,50,0.06944745203491556,0.038529253933633836,-0.32702976153057545,0.01979801269520539,0.3445155279286502,0.044043001070823665,-0.5028418297499061,0.03316072993308523,-0.39102975089895253,0.04040899874042544,-0.4293360784563853,0.0771410916429154,0.29985275032496167,0.019287202491470246,1.0424489660689886,0.05629761655829123,1.5006151198454611,0.07667304953793433,0.4431213901795559,0.04737719834725942,2.0402294444012945,0.02229019226853714,0.12132979101871011,0.3613258632932933,6.149759759173212e-09,2.0,1.9999999938502402
57,50,0.07105176025558367,0.037352042934913135,-0.32398334374187693,0.01963720295463698,0.3435893035382978,0.0431297885847747,-0.5030576666753092,0.034060470205826796,-0.3861109608709302,0.03824304338914136,-0.43696675291890097,0.08033198438443793,0.30138561188049007,0.02008661141830251,1.0449055284238995,0.055205599517964506,1.4913969091618062,0.07570192396127388,0.4473308823198274,0.046180333907220775,2.0374075718423055,0.020963811288776748,0.12132979101871011,0.3613258632932933,6.149759759173212e-09,2.0,1.9999999938502402
58,50,0.06824412986353628,0.0313290976671979,-0.32024275463335977,0.020076314101953055,0.33846067681734804,0.03915317638378131,-0.49968573550802253,0.030994155328014982,-0.3857459427121131,0.035292225267176826,-0.44178579896204256,0.07126904547485877,0.30095903370658605,0.02001882068043592,1.0437763768522663,0.048296300760327794,1.4911824771927462,0.06842656444053512,0.4457179354177252,0.040515720270296506,2.037543715217995,0.018761490282274935,0.12132979101871011,0.3613258632932933,6.149759759173212e-09,2.0,1.9999999938502402
59,50,0.064764252440285,0.03325914064253526,-0.3208250157851207,0.02098079147419377,0.33887847552441763,0.039776217731793136,-0.4950280553070364,0.034933679933525565,-0.3849409902451749,0.03652132764149964,-0.43694088129759256,0.07760754652565088,0.2980774766094587,0.018256907463135658,1.0377595008784848,0.05219247973975584,1.4950008267604777,0.07636728403532708,0.4453960539607741,0.04328387344653308,2.035680390300085,0.019819057662860833,0.12132979101871011,0.3613258632932933,6.149759759173212e-09,2.0,1.9999999938502402
60,50,0.06335847512546816,0.033498764620374745,-0.3197810460594204,0.022629810686077292,0.33929412613779725,0.039490493226931156,-0.49392614414505415,0.034057187814077516,-0.38131512162452946,0.0373369366189815,-0.4378388579879199,0.07657582811345111,0.29963423004669454,0.018028143597866336,1.0353116798371012,0.05144615673638678,1.4965863357423976,0.07396276615935757,0.4432757467844604,0.04287228787427314,2.034282310786306,0.019873422320602414,0.12132979101871011,0.3613258632932933,6.149759759173212e-09,2.0,1.9999999938502402
61,50,0.06280276942727335,0.03069715109171357,-0.3147162198950105,0.023135993188612366,0.33920997017120114,0.03721954177662691,-0.49767021176995735,0.03013881716235323,-0.3784637702110465,0.036421004815880925,-0.4461073855806708,0.06841383241660537,0.299847607984648,0.017221230758607393,1.0380434030037728,0.04369900652225789,1.4892383480019629,0.06428831905651854,0.446731861875283,0.03897501324328364,2.0344007602746474,0.016647941329629243,0.12132979101871011,0.3613258632932933,6.149759759173212e-09,2.0,1.9999999938502402
62,50,0.06418655508554658,0.029457967930386072,-0.31225748725277436,0.019671517486525583,0.33985702334046763,0.03535592522731515,-0.5010321947466376,0.02730011691194317,-0.3746130428844665,0.0346199456442689,-0.4470750416949366,0.06494116965443153,0.30048007632068846,0.016832654455061845,1.0342558670643707,0.04487131490441967,1.4833440034437344,0.06064194349387262,0.4492363437042706,0.036957800665276964,2.0343115852973477,0.013911719472281793,0.12132979101871011,0.3613258632932933,6.149759759173212e-09,2.0,1.9999999938502402
63,50,0.06646293008415508,0.024360899314378646,-0.31416986970765326,0.017572722461330955,0.3372866554972563,0.03109105052326575,-0.5050092780253066,0.02474286966741206,-0.37964999504274616,0.04225576969289063,-0.4471654459668821,0.06329988977068828,0.2994977999723554,0.02042837441159449,1.0391874226926667,0.04224491461059798,1.4769301818955944,0.05301243467358086,0.4488152253470504,0.03677758784982884,2.0350701038630636,0.013436859045526455,0.12132979101871011,0.3613258632932933,6.149759759173212e-09,2.0,1.9999999938502402
64,50,0.06755830276026778,0.020167372709274198,-0.31440618197286374,0.016220056366593686,0.3365686415019049,0.029388288949413307,-0.505896882655649,0.02051144848924792,-0.3775268739777223,0.04018844483215088,-0.45143726960905983,0.05358860694583613,0.3010296829007349,0.02087833200544597,1.0419487172602895,0.0366755578459098,1.4684569002758185,0.036962431903626324,0.4507475482026903,0.0291540948518663,2.034542540157798,0.011212714744975876,0.12132979101871011,0.3613258632932933,6.149759759173212e-09,2.0,1.9999999938502402
65,50,0.061465628247253656,0.018696812346412454,-0.31487499935691404,0.01532814661288066,0.3317128979103112,0.028774604998248382,-0.5013993965239937,0.020583183363072462,-0.37726419125118793,0.03964331797724818,-0.44746970469090447,0.05177287214171323,0.3006339824458598,0.020291198784081962,1.035125835201397,0.03598189659337272,1.4718307784283677,0.04061315700097865,0.44715158137656363,0.02803047186431754,2.032702769853667,0.010441642503591432,0.12132979101871011,0.3613258632932933,6.149759759173212e-09,2.0,1.9999999938502402
66,50,0.06232045925854791,0.016728849685745433,-0.3167937122118771,0.016587764755376228,0.3314015064103814,0.025063915127803912,-0.501403820330878,0.01790527091089042,-0.38335180818454745,0.0472373405035098,-0.4418781683004486,0.0551446471643905,0.2976506403861692,0.021810840410595413,1.0347184046922575,0.03925304784908766,1.4712684359225536,0.03728140777364961,0.44392030875785266,0.02713136948795408,2.034496631544444,0.011377596960013827,0.12132979101871011,0.3613258632932933,6.149759759173212e-09,2.0,1.9999999938502402
67,50,0.0631881700504447,0.015533132678523097,-0.3156974890030889,0.01656178287711975,0.33347496276064625,0.024951240204651767,-0.501387230084619,0.01761709802794923,-0.38268583159894287,0.04439629599736042,-0.44026079730768003,0.05328512346233021,0.29780626078752254,0.020802021063741308,1.0321203361233522,0.03737144821443458,1.4744831126333702,0.03495492832200901,0.4436549763574812,0.02657496012697973,2.03476594482561,0.01299952687849792,0.12132979101871011,0.3613258632932933,6.149759759173212e-09,2.0,1.9999999938502402
68,50,0.06278220395701131,0.014622792835317564,-0.3168880853081764,0.017110115876752544,0.3301352944579711,0.025351277602092936,-0.4984623974036677,0.019212380263368706,-0.3856278204908313,0.046695968718714176,-0.4358335644702204,0.055197294516983623,0.2962300667093437,0.021647195690387047,1.031818927993899,0.03409394380811579,1.477485720209783,0.03330669405814373,0.4398685281275627,0.02704594156319144,2.034578790324337,0.013906694059315354,0.12132979101871011,0.3613258632932933,6.149759759173212e-09,2.0,1.9999999938502402
69,50,0.06003466700605407,0.015044938876215193,-0.3159303020216286,0.01724134619058227,0.3301429179582534,0.02344292117669383,-0.49797927828885613,0.020089598207354526,-0.390682729694996,0.04572020084915695,-0.4310377272041026,0.05417898874586309,0.2977718828280262,0.02269539803903603,1.0352611874907878,0.03197246583245035,1.481949435148486,0.03263704052447364,0.439631928830121,0.026852603553199086,2.034426833375221,0.013786733674641229,0.12132979101871011,0.3613258632932933,6.149759759173212e-09,2.0,1.9999999938502402
70,50,0.061435208149342585,0.015558404006138834,-0.3151812636840265,0.017544940374648113,0.33088569346954855,0.021785312173820036,-0.4981186511656836,0.01911718255344975,-0.39069264936675824,0.0417678617122401,-0.4316493576707225,0.04629566227740164,0.2991373723693538,0.021107823758483173,1.0397881002749256,0.030554358037487173,1.4860462600848885,0.02688596608724168,0.44044135448188787,0.02223458485280485,2.032365378855853,0.012228835281869386,0.12132979101871011,0.3613258632932933,6.149759759173212e-09,2.0,1.9999999938502402
71,50,0.061507467771244224,0.015503740532817108,-0.31235156961832033,0.017053682819015068,0.33352972889154797,0.021193937037869738,-0.4984569198280015,0.017684930506053513,-0.3899035046438384,0.03949950230126241,-0.43213034057817445,0.04535772411989039,0.3000068377038615,0.02141723268138813,1.039593166334982,0.029267007617653662,1.4862426667597055,0.026404870249032115,0.441464680881893,0.021188192467846933,2.03417222567762,0.012850953217258118,0.12132979101871011,0.3613258632932933,6.149759759173212e-09,2.0,1.9999999938502402
72,50,0.06082530889446731,0.015397914174580432,-0.31212156424509907,0.016223239604550094,0.3322991284307044,0.019487621654750254,-0.4981995851256337,0.016536860023573737,-0.3892333778224269,0.03886904333409659,-0.43479780935515533,0.04458744263625005,0.302150804149633,0.021155784367804666,1.0373203265689244,0.031414223355116566,1.4844496379135734,0.026791317145646046,0.4423109698351024,0.020076507824987207,2.0332793139351812,0.012032966297317739,0.12132979101871011,0.3613258632932933,6.149759759173212e-09,2.0,1.9999999938502402
73,50,0.061017810925625346,0.014597414094169413,-0.31306559945443946,0.01822909271070262,0.3336664975510516,0.022912623452631252,-0.49918274610822533,0.016360717880282465,-0.39356704334803166,0.042399616568488445,-0.43062702004951536,0.0488527236611228,0.29752529268094563,0.022193953888923135,1.040811562650715,0.028081418697581326,1.4873577033125998,0.02555548416473022,0.43750513566673266,0.022372873803385034,2.0345640976660175,0.012367773124496422,0.12132979101871011,0.3613258632932933,6.149759759173212e-09,2.0,1.9999999938502402
74,50,0.059924091600865745,0.014816890964762418,-0.31076185466889944,0.01953696627132423,0.33375734357051534,0.020687483495832663,-0.49757555997069103,0.016623361817032306,-0.3947198510889185,0.04191116674849605,-0.4293475593877013,0.04865726679742122,0.2995906126793829,0.022050221905912756,1.045870755055072,0.02535256516829027,1.4876108463438709,0.02536773522621814,0.43872945416548786,0.02273659700343884,2.036873359565092,0.01220024075501587,0.12132979101871011,0.3613258632932933,6.149759759173212e-09,2.0,1.9999999938502402
75,50,0.06348338668545286,0.016955997813474784,-0.3103029625329159,0.017892281225271908,0.3370222919643157,0.01987325714412659,-0.4953651175328481,0.016902377010824577,-0.39513057972531723,0.03825119399787819,-0.42893969180453767,0.04369614285576975,0.30047759195068524,0.021165579056386507,1.0480581206852828,0.026057749171964375,1.4895990209533185,0.024528187355416925,0.4403008236181998,0.02212048298102109,2.0366981652722296,0.011633360542667691,0.12132979101871011,0.3613258632932933,6.149759759173212e-09,2.0,1.9999999938502402
76,50,0.06362910920072497,0.016676363770737595,-0.30937186257025373,0.016786737427296368,0.33849944406938726,0.019380472466756032,-0.49664897002830927,0.01687331461259478,-0.39046334824798073,0.028615923681438414,-0.43431296983003065,0.03327636838102623,0.30335578342059505,0.01703099599625703,1.0458641026330255,0.02553825461795399,1.4879540304088803,0.023453874866911195,0.4444580862869081,0.018384026717567975,2.035474399658415,0.013772696514210182,0.12132979101871011,0.3613258632932933,6.149759759173212e-09,2.0,1.9999999938502402
77,50,0.06561548217462311,0.01514695169619072,-0.3110059594977089,0.02055603920859984,0.3368997403849725,0.01890231788562394,-0.4960437037309921,0.01731015792601462,-0.39610016607490567,0.033494021919278125,-0.4273360754030134,0.03812467878695074,0.3003544899281388,0.01543900051300297,1.0495750286749772,0.023043462725723916,1.487681091049993,0.022515567334193357,0.44252088020107905,0.02086467286254004,2.0369831339997666,0.01436217216562579,0.12132979101871011,0.3613258632932933,6.149759759173212e-09,2.0,1.9999999938502402
78,50,0.06297427331515153,0.015672666138873484,-0.30965921597922086,0.01815989810977778,0.33611675582694317,0.021752699282691898,-0.4983608601767888,0.019318164507160375,-0.3921310007663621,0.0320062969602964,-0.4315759351622912,0.0361484856109583,0.3012210603642619,0.014620820500114528,1.0481814812588721,0.023076562075537106,1.487149202679947,0.024149786193411318,0.4429582095355191,0.02006542201459938,2.035843964446517,0.015478964294905069,0.12132979101871011,0.3613258632932933,6.149759759173212e-09,2.0,1.9999999938502402
79,50,0.06203361628996305,0.0162535011071411,-0.31158433130579727,0.01876870191434103,0.3371596588215262,0.022590360722717542,-0.4959655105275521,0.01841606904733615,-0.3958708246534044,0.03214795584259572,-0.42819345684379406,0.04014120737883644,0.30118232064445916,0.017713824138557176,1.0487815026948317,0.02061879740683887,1.4866968623102912,0.025008266619069096,0.4399912132555603,0.021992894430923445,2.0336503547360234,0.01454863561094488,0.12132979101871011,0.3613258632932933,6.149759759173212e-09,2.0,1.9999999938502402
80,50,0.06279078713799499,0.014817255695576055,-0.31074175275132027,0.01907960177175882,0.3376748052407692,0.022120005912984266,-0.4944667062971558,0.01766008434883215,-0.3971818189738926,0.030268822863095804,-0.4284355206635084,0.0384155013856378,0.3017456161320562,0.016442154216748602,1.0492334377475956,0.019933901830722738,1.4837684955330515,0.02489921425135564,0.44113581943612074,0.020893280051119352,2.0347166683248568,0.014466837304946268,0.12132979101871011,0.3613258632932933,6.149759759173212e-09,2.0,1.9999999938502402
81,50,0.060103242055798554,0.014123844392785943,-0.31235258480549855,0.0175786510658266,0.3342177497462514,0.01989865333568653,-0.4924692174845255,0.01723950147026546,-0.3959337755578886,0.026748567451050316,-0.4255595912628457,0.03435279336408227,0.3016122129540136,0.013792056215139174,1.049537532230373,0.018866724145003542,1.4841153292679852,0.023952545038139445,0.43866396855785994,0.022157541760269454,2.0364332657400928,0.014825883249630778,0.12132979101871011,0.3613258632932933,6.149759759173212e-09,2.0,1.9999999938502402
82,50,0.06274968400968679,0.014480701018055682,-0.31142721704583315,0.016451985155663033,0.33395129902780607,0.017906155228339795,-0.49065106677028353,0.01730415968538063,-0.395435071683362,0.026749928846645937,-0.42383810539050515,0.030878215063661844,0.3009286596068094,0.014465637293229099,1.0510207524919626,0.02062334913650773,1.4855378426192247,0.022792636107959147,0.4408306392567578,0.01939178626654091,2.03579560742542,0.013962900559643806,0.12132979101871011,0.3613258632932933,6.149759759173212e-09,2.0,1.9999999938502402
83,50,0.06299700662712791,0.013293546815436234,-0.308888730375693,0.017315005612719966,0.332566511078649,0.017691265836202258,-0.4898267778285638,0.01742775661358974,-0.39748031583644317,0.026417161969118724,-0.4206609152420681,0.02990928440284688,0.29819608150595955,0.013462503176140669,1.0491415630687948,0.019991245918859618,1.4870401111658897,0.019781828688404477,0.44060923467762053,0.021360020769614123,2.035637165302123,0.01394751031864177,0.12132979101871011,0.3613258632932933,6.149759759173212e-09,2.0,1.9999999938502402
84,50,0.06567978102308233,0.012712859221019527,-0.30716981994879555,0.019509609149623883,0.33211892363461265,0.016288857919302895,-0.48804205163651426,0.016463847506977065,-0.4009225669277658,0.025290787757984608,-0.4182746263890588,0.028925651102183904,0.2988872766453167,0.013122924377262514,1.0504369422280608,0.015786270476064203,1.486676818041261,0.01729185289879825,0.4415518395457534,0.02207537886593298,2.03661123166536,0.014488636337253287,0.12132979101871011,0.3613258632932933,6.149759759173212e-09,2.0,1.9999999938502402
85,50,0.06623145073408396,0.013421266032129772,-0.30535762137214384,0.019910080391021847,0.33139519486128227,0.016374158806778942,-0.48896314145171843,0.015152328244130037,-0.40338284968092575,0.025457254933766552,-0.41723582600804854,0.03247566831080063,0.29849751723008594,0.014226398735665573,1.0488429165043427,0.014483843923242236,1.4874837037738222,0.01705031394528677,0.440908083115059,0.023325122639384382,2.0386650331412275,0.016885254382444117,0.12132979101871011,0.3613258632932933,6.149759759173212e-09,2.0,1.9999999938502402
86,50,0.0676868719879052,0.012723428523550614,-0.3022537010955527,0.019192828500354222,0.3314679222554437,0.015156679858564103,-0.4894869929896947,0.015584150067372762,-0.39909529219329604,0.025271753146275732,-0.42209889993532873,0.02859223419914905,0.29931441962912303,0.012033062560644398,1.047166834563998,0.014444906516124158,1.4898086290415433,0.01645011427373328,0.4424112632616364,0.020841563322266436,2.036900910358837,0.01623334288774101,0.12132979101871011,0.3613258632932933,6.149759759173212e-09,2.0,1.9999999938502402
87,50,0.06883665745802559,0.012093465066374268,-0.2984345183961362,0.01922816389200183,0.32954069480473724,0.013353942389071779,-0.4891723463884944,0.014730166738403196,-0.404960632737504,0.027310633621048047,-0.4223084444320732,0.025147612800809124,0.30059867766493825,0.01197530203510682,1.0461927727573113,0.014752356204723245,1.4907971154383768,0.014044076956258101,0.4452899845361599,0.021263535772623243,2.0388465724480507,0.015481274503909086,0.12132979101871011,0.3613258632932933,6.149759759173212e-09,2.0,1.9999999938502402
88,50,0.06869114647356088,0.01244012324747259,-0.2986120735246813,0.018547420096996725,0.3306108217568249,0.013323069457255587,-0.4888875306218769,0.014714802846710015,-0.4117919294415245,0.0259788216213361,-0.4186742312204909,0.024612551370847176,0.30128300287645954,0.012757080314706869,1.0464035327171877,0.014638748188549293,1.4905793067626913,0.014648512243290068,0.44411321819905114,0.02097008154315299,2.0394536753527923,0.015877144533161337,0.12132979101871011,0.3613258632932933,6.149759759173212e-09,2.0,1.9999999938502402
89,50,0.06654757637207755,0.013703077350772428,-0.30105958317893766,0.019014467286027976,0.32965973979721214,0.013718716896747113,-0.48903760289219256,0.015478096867058025,-0.41438917521129576,0.023820126046940223,-0.41522314127403376,0.024132999556807786,0.3006330914631613,0.01251238949416314,1.0444644429856182,0.013559730531284531,1.491825024123374,0.013301576620561768,0.4420734415523974,0.021151468359253665,2.0401830347128436,0.016228291733449814,0.12132979101871011,0.3613258632932933,6.149759759173212e-09,2.0,1.9999999938502402
90,50,0.06570473262389462,0.01342554391988994,-0.2970559436721549,0.018798965604297148,0.33094189780846894,0.01402281911655555,-0.4894813418285981,0.014573457202405242,-0.41360931609216045,0.024105153424127366,-0.4172040484428778,0.024611422775099992,0.3021086542245018,0.013390989051584947,1.0454281761153383,0.012679823189390965,1.489295897044707,0.015196536368724704,0.44513308374239324,0.021002861071174276,2.041087135788317,0.015437253835436295,0.12132979101871011,0.3613258632932933,6.149759759173212e-09,2.0,1.9999999938502402
91,50,0.06439775837372375,0.013677665664260905,-0.2997593921182701,0.019433803253608547,0.3277977430389092,0.013227811817751378,-0.48596594460931564,0.013729934982414515,-0.4111396085166123,0.023563027037898775,-0.41392156123843565,0.022982237093956998,0.30490448665129805,0.014764167455091407,1.048259147333765,0.011713385305057205,1.487047560770258,0.015400664122486455,0.44240212099047227,0.020716344046878613,2.0413388620849298,0.015815917687332086,0.12132979101871011,0.3613258632932933,6.149759759173212e-09,2.0,1.9999999938502402
92,50,0.0641355571192758,0.011822303519699073,-0.3003014540430506,0.019155306147915958,0.3270918651791442,0.013179162224357631,-0.4895308006883384,0.0139494836784513,-0.4108297706887581,0.02141283850080402,-0.415021798250174,0.017343475805879,0.30624112063824666,0.01288757683749324,1.046447721427653,0.01122899371601141,1.4869989466767477,0.015731808897695012,0.4419621313079896,0.019763017771051345,2.0395159543967805,0.01772805729003121,0.12132979101871011,0.3613258632932933,6.149759759173212e-09,2.0,1.9999999938502402
93,50,0.06441449504647996,0.011534346600302973,-0.2997571873027709,0.018806636045912716,0.3264383365807174,0.013190973250306205,-0.4880260821813569,0.013871662608110175,-0.4071677458287464,0.02140092675105726,-0.4172595497541579,0.016989482975853693,0.3070090583509894,0.013156696578588643,1.0467182981000396,0.011243099415945328,1.4856807235442062,0.01427424414264149,0.4427511618850359,0.017963312072190405,2.0367437847100143,0.018488721184152835,0.12132979101871011,0.3613258632932933,6.149759759173212e-09,2.0,1.9999999938502402
94,50,0.06384823111167376,0.011306464427966394,-0.29908873822689375,0.018807399232830348,0.32461252168637156,0.012567846830787096,-0.4886540075490246,0.014165448742055557,-0.4082566448321436,0.021843261911635162,-0.41758239796404545,0.016170904744458033,0.3085531338529564,0.011286642197888604,1.0461163757424745,0.01187932664474174,1.4866359538103853,0.01383355105417738,0.44282124264815903,0.017368706542992975,2.039066369577288,0.019686744849514666,0.12132979101871011,0.3613258632932933,6.149759759173212e-09,2.0,1.9999999938502402
95,50,0.0641588259742504,0.011175474183668122,-0.29825310333749877,0.01872675392675676,0.32512458228385427,0.012514732584403988,-0.4887751380348127,0.014312881088787643,-0.41197063067465817,0.02150633082478104,-0.4184447506039983,0.017288147311920903,0.30700396699531096,0.010976941931422738,1.0436101904964705,0.010435059875896406,1.4875997651914035,0.014064789682597355,0.4458089066126168,0.01760196090877287,2.039854856853393,0.020425181346468542,0.12132979101871011,0.3613258632932933,6.149759759173212e-09,2.0,1.9999999938502402
96,50,0.06349700779949019,0.011365073046400208,-0.29643197257360693,0.018757333839164506,0.32620093829065594,0.013427549422592985,-0.4910216494740363,0.015212004316862414,-0.4108559388481688,0.01988553507516529,-0.42106967069686124,0.01879027160115359,0.30770512431846553,0.010727457744221762,1.0423906377278365,0.009708950519376843,1.486589022761846,0.013213410290500455,0.44541487369085486,0.01813458223797653,2.039163837381675,0.019799806408279174,0.12132979101871011,0.3613258632932933,6.149759759173212e-09,2.0,1.9999999938502402
97,50,0.06434394392524198,0.011395108074256855,-0.29582575435099223,0.01785198580302074,0.326553605024911,0.012716084623630962,-0.4930436412671836,0.015357302505953163,-0.41258753804659026,0.018621326034742283,-0.4201361816709124,0.01734893653191928,0.3075386868575611,0.010717777980999524,1.0404287053067103,0.009483683022213179,1.4878434461877557,0.013069990472303126,0.44340514218018057,0.019560547877314722,2.03946601078706,0.019897796932518162,0.12132979101871011,0.3613258632932933,6.149759759173212e-09,2.0,1.9999999938502402
98,50,0.06413825907794625,0.01012254643914798,-0.29793294312574814,0.017271571661894136,0.32580206587165683,0.012555092421963456,-0.49042794976955656,0.016891071734623397,-0.41455796107275716,0.018515491090718355,-0.4198857345379041,0.015989113250672603,0.3088385346544037,0.011218579817929434,1.0431006253347195,0.009871097573711358,1.4867928137653583,0.015077102070281076,0.4420941927801227,0.017343590580861483,2.0405263003871603,0.019853413533626758,0.12132979101871011,0.3613258632932933,6.149759759173212e-09,2.0,1.9999999938502402
99,50,0.06550623387161195,0.01108768076238415,-0.2985980773099287,0.021620427129507246,0.3246229861829671,0.01213736974118661,-0.48923303125489653,0.016189952454569837,-0.41476854135369573,0.017567620798816783,-0.420706064645901,0.016032946869175377,0.3107848625756102,0.010493844813689588,1.044838785979617,0.010558951099142523,1.4871887169295064,0.016396145137072854,0.44185251299395184,0.01811248391687685,2.0422503963937926,0.0204323588149352,0.12132979101871011,0.3613258632932933,6.149759759173212e-09,2.0,1.9999999938502402
