sample_idx,w_max10_mean,w_max10_std,cp_fraction,recovery_rate,k_aero,c_roll,ref_speed_frac,k_s,breakaway_speed_frac,breakaway_cooldown_steps,utility_decay,evo_noise,sim_scale,evo_bottom_frac,evo_top_frac,imitation_mu,n_agents,n_teams
0,550.0,79.33333333333333,0.7333333333333334,0.2,0.8,4.0,0.95,0.8999999999999999,0.95,8.0,0.4,0.03333333333333334,1.5,0.30000000000000004,0.21666666666666667,0.3,80.0,24.0
1,550.0,79.33333333333333,0.7333333333333334,0.2,0.8,4.0,0.95,0.7,0.95,8.0,0.4,0.03333333333333334,1.5,0.30000000000000004,0.21666666666666667,0.3,80.0,24.0
2,550.0,79.33333333333333,0.7333333333333334,0.2,0.8,4.0,0.95,0.7,0.95,8.0,0.4,0.03333333333333334,1.5,0.30000000000000004,0.21666666666666667,0.7666666666666666,80.0,24.0
3,550.0,79.33333333333333,0.7333333333333334,0.2,0.8,4.0,0.95,0.7,0.95,8.0,0.4,0.03333333333333334,1.5,0.30000000000000004,0.21666666666666667,0.7666666666666666,80.0,10.666666666666668
4,550.0,79.33333333333333,0.7333333333333334,0.2,0.8,4.0,0.95,0.7,0.95,8.0,0.4,0.03333333333333334,1.5,0.30000000000000004,0.21666666666666667,0.7666666666666666,192.0,10.666666666666668
5,550.0,79.33333333333333,0.6,0.2,0.8,4.0,0.95,0.7,0.95,8.0,0.4,0.03333333333333334,1.5,0.30000000000000004,0.21666666666666667,0.7666666666666666,192.0,10.666666666666668
6,550.0,79.33333333333333,0.6,0.2,0.8,4.0,0.95,0.7,0.95,20.0,0.4,0.03333333333333334,1.5,0.30000000000000004,0.21666666666666667,0.7666666666666666,192.0,10.666666666666668
7,550.0,79.33333333333333,0.6,0.2,0.8,4.0,0.95,0.7,0.95,20.0,0.4,0.03333333333333334,1.5,0.30000000000000004,0.05,0.7666666666666666,192.0,10.666666666666668
8,550.0,79.33333333333333,0.6,0.2,0.8,4.0,0.95,0.7,0.85,20.0,0.4,0.03333333333333334,1.5,0.30000000000000004,0.05,0.7666666666666666,192.0,10.666666666666668
9,550.0,79.33333333333333,0.6,0.2,0.8,4.0,0.85,0.7,0.85,20.0,0.4,0.03333333333333334,1.5,0.30000000000000004,0.05,0.7666666666666666,192.0,10.666666666666668
10,550.0,79.33333333333333,0.6,0.2,0.8,4.0,0.85,0.7,0.85,20.0,0.4,0.03333333333333334,0.5,0.30000000000000004,0.05,0.7666666666666666,192.0,10.666666666666668
11,550.0,79.33333333333333,0.6,0.2,0.8,2.0,0.85,0.7,0.85,20.0,0.4,0.03333333333333334,0.5,0.30000000000000004,0.05,0.7666666666666666,192.0,10.666666666666668
12,550.0,79.33333333333333,0.6,0.2,0.8,2.0,0.85,0.7,0.85,20.0,0.4,0.03333333333333334,0.5,0.1,0.05,0.7666666666666666,192.0,10.666666666666668
13,550.0,79.33333333333333,0.6,0.2,0.8,2.0,0.85,0.7,0.85,20.0,1.0,0.03333333333333334,0.5,0.1,0.05,0.7666666666666666,192.0,10.666666666666668
14,550.0,79.33333333333333,0.6,0.1,0.8,2.0,0.85,0.7,0.85,20.0,1.0,0.03333333333333334,0.5,0.1,0.05,0.7666666666666666,192.0,10.666666666666668
15,550.0,79.33333333333333,0.6,0.1,1.2,2.0,0.85,0.7,0.85,20.0,1.0,0.03333333333333334,0.5,0.1,0.05,0.7666666666666666,192.0,10.666666666666668
16,416.6666666666667,79.33333333333333,0.6,0.1,1.2,2.0,0.85,0.7,0.85,20.0,1.0,0.03333333333333334,0.5,0.1,0.05,0.7666666666666666,192.0,10.666666666666668
17,416.6666666666667,34.0,0.6,0.1,1.2,2.0,0.85,0.7,0.85,20.0,1.0,0.03333333333333334,0.5,0.1,0.05,0.7666666666666666,192.0,10.666666666666668
18,416.6666666666667,34.0,0.6,0.1,1.2,2.0,0.85,0.7,0.85,20.0,1.0,0.1,0.5,0.1,0.05,0.7666666666666666,192.0,10.666666666666668
19,550.0,79.33333333333333,0.8,0.05,0.8,3.0,0.85,0.7999999999999999,0.85,14.0,0.4,0.03333333333333334,2.0,0.1,0.3,0.3,136.0,17.333333333333332
20,550.0,79.33333333333333,0.8,0.05,0.8,3.0,0.85,0.7999999999999999,0.85,14.0,0.4,0.03333333333333334,2.0,0.30000000000000004,0.3,0.3,136.0,17.333333333333332
21,550.0,79.33333333333333,0.8,0.05,0.8,3.0,0.85,0.7999999999999999,0.85,14.0,0.4,0.1,2.0,0.30000000000000004,0.3,0.3,136.0,17.333333333333332
22,550.0,79.33333333333333,0.8,0.05,0.8,3.0,0.85,0.7999999999999999,0.85,14.0,0.4,0.1,2.0,0.30000000000000004,0.13333333333333336,0.3,136.0,17.333333333333332
23,550.0,79.33333333333333,0.8,0.05,0.8,5.0,0.85,0.7999999999999999,0.85,14.0,0.4,0.1,2.0,0.30000000000000004,0.13333333333333336,0.3,136.0,17.333333333333332
24,550.0,79.33333333333333,0.8,0.05,0.8,5.0,0.85,0.7999999999999999,0.95,14.0,0.4,0.1,2.0,0.30000000000000004,0.13333333333333336,0.3,136.0,17.333333333333332
25,550.0,79.33333333333333,0.8,0.05,0.8,5.0,0.85,0.7999999999999999,0.95,14.0,0.4,0.1,2.0,0.30000000000000004,0.13333333333333336,0.3,136.0,4.0
26,550.0,79.33333333333333,0.6666666666666666,0.05,0.8,5.0,0.85,0.7999999999999999,0.95,14.0,0.4,0.1,2.0,0.30000000000000004,0.13333333333333336,0.3,136.0,4.0
27,550.0,79.33333333333333,0.6666666666666666,0.05,0.8,5.0,0.85,0.7999999999999999,0.95,14.0,0.4,0.1,1.0,0.30000000000000004,0.13333333333333336,0.3,136.0,4.0
28,550.0,79.33333333333333,0.6666666666666666,0.05,0.8,5.0,0.85,0.7999999999999999,0.95,14.0,0.4,0.1,1.0,0.30000000000000004,0.13333333333333336,0.3,24.0,4.0
29,550.0,79.33333333333333,0.6666666666666666,0.05,0.8,5.0,0.85,0.7999999999999999,0.95,14.0,1.0,0.1,1.0,0.30000000000000004,0.13333333333333336,0.3,24.0,4.0
30,416.6666666666667,79.33333333333333,0.6666666666666666,0.05,0.8,5.0,0.85,0.7999999999999999,0.95,14.0,1.0,0.1,1.0,0.30000000000000004,0.13333333333333336,0.3,24.0,4.0
31,416.6666666666667,79.33333333333333,0.6666666666666666,0.05,0.8,5.0,0.85,0.7999999999999999,0.95,2.0,1.0,0.1,1.0,0.30000000000000004,0.13333333333333336,0.3,24.0,4.0
32,416.6666666666667,79.33333333333333,0.6666666666666666,0.05,1.2,5.0,0.85,0.7999999999999999,0.95,2.0,1.0,0.1,1.0,0.30000000000000004,0.13333333333333336,0.3,24.0,4.0
33,416.6666666666667,79.33333333333333,0.6666666666666666,0.15000000000000002,1.2,5.0,0.85,0.7999999999999999,0.95,2.0,1.0,0.1,1.0,0.30000000000000004,0.13333333333333336,0.3,24.0,4.0
34,416.6666666666667,34.0,0.6666666666666666,0.15000000000000002,1.2,5.0,0.85,0.7999999999999999,0.95,2.0,1.0,0.1,1.0,0.30000000000000004,0.13333333333333336,0.3,24.0,4.0
35,416.6666666666667,34.0,0.6666666666666666,0.15000000000000002,1.2,5.0,0.85,0.7999999999999999,0.95,2.0,1.0,0.1,1.0,0.30000000000000004,0.13333333333333336,0.7666666666666666,24.0,4.0
36,416.6666666666667,34.0,0.6666666666666666,0.15000000000000002,1.2,5.0,0.85,1.0,0.95,2.0,1.0,0.1,1.0,0.30000000000000004,0.13333333333333336,0.7666666666666666,24.0,4.0
37,416.6666666666667,34.0,0.6666666666666666,0.15000000000000002,1.2,5.0,0.95,1.0,0.95,2.0,1.0,0.1,1.0,0.30000000000000004,0.13333333333333336,0.7666666666666666,24.0,4.0
38,416.6666666666667,56.66666666666667,0.8,0.15000000000000002,1.2,2.0,0.9,0.8999999999999999,0.95,20.0,0.1,0.0,0.5,0.30000000000000004,0.3,1.0,80.0,24.0
39,416.6666666666667,56.66666666666667,0.8,0.15000000000000002,1.2,2.0,0.8,0.8999999999999999,0.95,20.0,0.1,0.0,0.5,0.30000000000000004,0.3,1.0,80.0,24.0
40,416.6666666666667,56.66666666666667,0.8,0.15000000000000002,1.2,2.0,0.8,0.8999999999999999,0.95,8.0,0.1,0.0,0.5,0.30000000000000004,0.3,1.0,80.0,24.0
41,416.6666666666667,102.0,0.8,0.15000000000000002,1.2,2.0,0.8,0.8999999999999999,0.95,8.0,0.1,0.0,0.5,0.30000000000000004,0.3,1.0,80.0,24.0
42,416.6666666666667,102.0,0.8,0.15000000000000002,1.2,2.0,0.8,0.8999999999999999,0.95,8.0,0.1,0.0,1.5,0.30000000000000004,0.3,1.0,80.0,24.0
43,550.0,102.0,0.8,0.15000000000000002,1.2,2.0,0.8,0.8999999999999999,0.95,8.0,0.1,0.0,1.5,0.30000000000000004,0.3,1.0,80.0,24.0
44,550.0,102.0,0.8,0.15000000000000002,1.2,4.0,0.8,0.8999999999999999,0.95,8.0,0.1,0.0,1.5,0.30000000000000004,0.3,1.0,80.0,24.0
45,550.0,102.0,0.8,0.15000000000000002,1.2,4.0,0.8,0.8999999999999999,0.85,8.0,0.1,0.0,1.5,0.30000000000000004,0.3,1.0,80.0,24.0
46,550.0,102.0,0.8,0.15000000000000002,1.2,4.0,0.8,0.8999999999999999,0.85,8.0,0.1,0.0,1.5,0.30000000000000004,0.3,0.5333333333333333,80.0,24.0
47,550.0,102.0,0.8,0.15000000000000002,1.2,4.0,0.8,0.8999999999999999,0.85,8.0,0.1,0.0,1.5,0.30000000000000004,0.13333333333333336,0.5333333333333333,80.0,24.0
48,550.0,102.0,0.8,0.15000000000000002,1.2,4.0,0.8,0.8999999999999999,0.85,8.0,0.7,0.0,1.5,0.30000000000000004,0.13333333333333336,0.5333333333333333,80.0,24.0
49,550.0,102.0,0.8,0.15000000000000002,1.2,4.0,0.8,0.7,0.85,8.0,0.7,0.0,1.5,0.30000000000000004,0.13333333333333336,0.5333333333333333,80.0,24.0
50,550.0,102.0,0.8,0.15000000000000002,1.2,4.0,0.8,0.7,0.85,8.0,0.7,0.0,1.5,0.30000000000000004,0.13333333333333336,0.5333333333333333,80.0,10.666666666666668
51,550.0,102.0,0.8,0.15000000000000002,1.2,4.0,0.8,0.7,0.85,8.0,0.7,0.06666666666666667,1.5,0.30000000000000004,0.13333333333333336,0.5333333333333333,80.0,10.666666666666668
52,550.0,102.0,0.8,0.15000000000000002,1.2,4.0,0.8,0.7,0.85,8.0,0.7,0.06666666666666667,1.5,0.1,0.13333333333333336,0.5333333333333333,80.0,10.666666666666668
53,550.0,102.0,0.6666666666666666,0.15000000000000002,1.2,4.0,0.8,0.7,0.85,8.0,0.7,0.06666666666666667,1.5,0.1,0.13333333333333336,0.5333333333333333,80.0,10.666666666666668
54,550.0,102.0,0.6666666666666666,0.15000000000000002,0.8,4.0,0.8,0.7,0.85,8.0,0.7,0.06666666666666667,1.5,0.1,0.13333333333333336,0.5333333333333333,80.0,10.666666666666668
55,550.0,102.0,0.6666666666666666,0.05,0.8,4.0,0.8,0.7,0.85,8.0,0.7,0.06666666666666667,1.5,0.1,0.13333333333333336,0.5333333333333333,80.0,10.666666666666668
56,550.0,102.0,0.6666666666666666,0.05,0.8,4.0,0.8,0.7,0.85,8.0,0.7,0.06666666666666667,1.5,0.1,0.13333333333333336,0.5333333333333333,192.0,10.666666666666668
57,416.6666666666667,79.33333333333333,0.6,0.15000000000000002,1.2,3.0,0.95,0.8999999999999999,0.9,20.0,0.4,0.0,2.0,0.2,0.21666666666666667,0.3,136.0,24.0
58,416.6666666666667,79.33333333333333,0.6,0.15000000000000002,1.2,3.0,0.95,0.8999999999999999,0.9,20.0,0.4,0.0,2.0,0.2,0.21666666666666667,0.3,136.0,10.666666666666668
59,416.6666666666667,79.33333333333333,0.6,0.15000000000000002,1.2,3.0,0.95,0.8999999999999999,0.9,8.0,0.4,0.0,2.0,0.2,0.21666666666666667,0.3,136.0,10.666666666666668
60,416.6666666666667,79.33333333333333,0.6,0.15000000000000002,1.2,3.0,0.95,0.7,0.9,8.0,0.4,0.0,2.0,0.2,0.21666666666666667,0.3,136.0,10.666666666666668
61,416.6666666666667,34.0,0.6,0.15000000000000002,1.2,3.0,0.95,0.7,0.9,8.0,0.4,0.0,2.0,0.2,0.21666666666666667,0.3,136.0,10.666666666666668
62,416.6666666666667,34.0,0.6,0.15000000000000002,1.2,3.0,0.95,0.7,0.9,8.0,1.0,0.0,2.0,0.2,0.21666666666666667,0.3,136.0,10.666666666666668
63,416.6666666666667,34.0,0.6,0.15000000000000002,1.2,3.0,0.95,0.7,1.0,8.0,1.0,0.0,2.0,0.2,0.21666666666666667,0.3,136.0,10.666666666666668
64,416.6666666666667,34.0,0.6,0.15000000000000002,1.2,3.0,0.95,0.7,1.0,8.0,1.0,0.0,2.0,0.2,0.21666666666666667,0.3,24.0,10.666666666666668
65,416.6666666666667,34.0,0.6,0.15000000000000002,1.2,3.0,0.95,0.7,1.0,8.0,1.0,0.0,2.0,0.2,0.21666666666666667,0.7666666666666666,24.0,10.666666666666668
66,416.6666666666667,34.0,0.6,0.15000000000000002,1.2,3.0,0.95,0.7,1.0,8.0,1.0,0.0,1.0,0.2,0.21666666666666667,0.7666666666666666,24.0,10.666666666666668
67,416.6666666666667,34.0,0.6,0.15000000000000002,1.2,3.0,0.95,0.7,1.0,8.0,1.0,0.0,1.0,0.2,0.05,0.7666666666666666,24.0,10.666666666666668
68,416.6666666666667,34.0,0.6,0.15000000000000002,0.8,3.0,0.95,0.7,1.0,8.0,1.0,0.0,1.0,0.2,0.05,0.7666666666666666,24.0,10.666666666666668
69,416.6666666666667,34.0,0.6,0.05,0.8,3.0,0.95,0.7,1.0,8.0,1.0,0.0,1.0,0.2,0.05,0.7666666666666666,24.0,10.666666666666668
70,416.6666666666667,34.0,0.6,0.05,0.8,5.0,0.95,0.7,1.0,8.0,1.0,0.0,1.0,0.2,0.05,0.7666666666666666,24.0,10.666666666666668
71,550.0,34.0,0.6,0.05,0.8,5.0,0.95,0.7,1.0,8.0,1.0,0.0,1.0,0.2,0.05,0.7666666666666666,24.0,10.666666666666668
72,550.0,34.0,0.6,0.05,0.8,5.0,0.95,0.7,1.0,8.0,1.0,0.0,1.0,0.4,0.05,0.7666666666666666,24.0,10.666666666666668
73,550.0,34.0,0.7333333333333334,0.05,0.8,5.0,0.95,0.7,1.0,8.0,1.0,0.0,1.0,0.4,0.05,0.7666666666666666,24.0,10.666666666666668
74,550.0,34.0,0.7333333333333334,0.05,0.8,5.0,0.85,0.7,1.0,8.0,1.0,0.0,1.0,0.4,0.05,0.7666666666666666,24.0,10.666666666666668
75,550.0,34.0,0.7333333333333334,0.05,0.8,5.0,0.85,0.7,1.0,8.0,1.0,0.06666666666666667,1.0,0.4,0.05,0.7666666666666666,24.0,10.666666666666668
76,550.0,34.0,0.8,0.1,0.6,3.0,0.95,0.8999999999999999,0.85,20.0,0.1,0.1,0.5,0.30000000000000004,0.05,0.3,192.0,4.0
77,550.0,34.0,0.8,0.1,0.6,5.0,0.95,0.8999999999999999,0.85,20.0,0.1,0.1,0.5,0.30000000000000004,0.05,0.3,192.0,4.0
78,550.0,34.0,0.8,0.1,0.6,5.0,0.95,0.8999999999999999,0.85,20.0,0.1,0.1,0.5,0.30000000000000004,0.05,0.7666666666666666,192.0,4.0
79,550.0,34.0,0.8,0.1,0.6,5.0,0.85,0.8999999999999999,0.85,20.0,0.1,0.1,0.5,0.30000000000000004,0.05,0.7666666666666666,192.0,4.0
80,550.0,34.0,0.8,0.1,0.6,5.0,0.85,0.8999999999999999,0.85,20.0,0.1,0.1,0.5,0.30000000000000004,0.05,0.7666666666666666,192.0,17.333333333333332
81,550.0,34.0,0.8,0.1,0.6,5.0,0.85,0.7,0.85,20.0,0.1,0.1,0.5,0.30000000000000004,0.05,0.7666666666666666,192.0,17.333333333333332
82,550.0,34.0,0.8,0.1,0.6,5.0,0.85,0.7,0.85,20.0,0.1,0.1,0.5,0.1,0.05,0.7666666666666666,192.0,17.333333333333332
83,550.0,34.0,0.8,0.1,0.6,5.0,0.85,0.7,0.85,20.0,0.1,0.1,0.5,0.1,0.05,0.7666666666666666,80.0,17.333333333333332
84,550.0,34.0,0.8,0.2,0.6,5.0,0.85,0.7,0.85,20.0,0.1,0.1,0.5,0.1,0.05,0.7666666666666666,80.0,17.333333333333332
85,550.0,34.0,0.8,0.2,0.6,5.0,0.85,0.7,0.95,20.0,0.1,0.1,0.5,0.1,0.05,0.7666666666666666,80.0,17.333333333333332
86,550.0,34.0,0.8,0.2,0.6,5.0,0.85,0.7,0.95,20.0,0.1,0.1,0.5,0.1,0.21666666666666667,0.7666666666666666,80.0,17.333333333333332
87,550.0,34.0,0.8,0.2,1.0,5.0,0.85,0.7,0.95,20.0,0.1,0.1,0.5,0.1,0.21666666666666667,0.7666666666666666,80.0,17.333333333333332
88,550.0,34.0,0.8,0.2,1.0,5.0,0.85,0.7,0.95,20.0,0.7,0.1,0.5,0.1,0.21666666666666667,0.7666666666666666,80.0,17.333333333333332
89,550.0,34.0,0.6666666666666666,0.2,1.0,5.0,0.85,0.7,0.95,20.0,0.7,0.1,0.5,0.1,0.21666666666666667,0.7666666666666666,80.0,17.333333333333332
90,550.0,34.0,0.6666666666666666,0.2,1.0,5.0,0.85,0.7,0.95,8.0,0.7,0.1,0.5,0.1,0.21666666666666667,0.7666666666666666,80.0,17.333333333333332
91,416.6666666666667,34.0,0.6666666666666666,0.2,1.0,5.0,0.85,0.7,0.95,8.0,0.7,0.1,0.5,0.1,0.21666666666666667,0.7666666666666666,80.0,17.333333333333332
92,416.6666666666667,79.33333333333333,0.6666666666666666,0.2,1.0,5.0,0.85,0.7,0.95,8.0,0.7,0.1,0.5,0.1,0.21666666666666667,0.7666666666666666,80.0,17.333333333333332
93,416.6666666666667,79.33333333333333,0.6666666666666666,0.2,1.0,5.0,0.85,0.7,0.95,8.0,0.7,0.03333333333333334,0.5,0.1,0.21666666666666667,0.7666666666666666,80.0,17.333333333333332
94,416.6666666666667,79.33333333333333,0.6666666666666666,0.2,1.0,5.0,0.85,0.7,0.95,8.0,0.7,0.03333333333333334,1.5,0.1,0.21666666666666667,0.7666666666666666,80.0,17.333333333333332
95,550.0,79.33333333333333,0.7333333333333334,0.15000000000000002,1.2,5.0,0.85,0.7,0.95,14.0,1.0,0.1,1.5,0.1,0.05,0.7666666666666666,192.0,10.666666666666668
96,550.0,79.33333333333333,0.7333333333333334,0.15000000000000002,1.2,5.0,0.85,0.7,0.95,2.0,1.0,0.1,1.5,0.1,0.05,0.7666666666666666,192.0,10.666666666666668
97,550.0,79.33333333333333,0.7333333333333334,0.15000000000000002,0.8,5.0,0.85,0.7,0.95,2.0,1.0,0.1,1.5,0.1,0.05,0.7666666666666666,192.0,10.666666666666668
98,550.0,79.33333333333333,0.7333333333333334,0.15000000000000002,0.8,5.0,0.85,0.7,0.95,2.0,0.4,0.1,1.5,0.1,0.05,0.7666666666666666,192.0,10.666666666666668
99,550.0,79.33333333333333,0.7333333333333334,0.05,0.8,5.0,0.85,0.7,0.95,2.0,0.4,0.1,1.5,0.1,0.05,0.7666666666666666,192.0,10.666666666666668
100,550.0,79.33333333333333,0.7333333333333334,0.05,0.8,5.0,0.85,0.7,0.95,2.0,0.4,0.1,1.5,0.1,0.21666666666666667,0.7666666666666666,192.0,10.666666666666668
101,550.0,79.33333333333333,0.6,0.05,0.8,5.0,0.85,0.7,0.95,2.0,0.4,0.1,1.5,0.1,0.21666666666666667,0.7666666666666666,192.0,10.666666666666668
102,416.6666666666667,79.33333333333333,0.6,0.05,0.8,5.0,0.85,0.7,0.95,2.0,0.4,0.1,1.5,0.1,0.21666666666666667,0.7666666666666666,192.0,10.666666666666668
103,416.6666666666667,79.33333333333333,0.6,0.05,0.8,5.0,0.85,0.7,0.95,2.0,0.4,0.1,1.5,0.30000000000000004,0.21666666666666667,0.7666666666666666,192.0,10.666666666666668
104,416.6666666666667,79.33333333333333,0.6,0.05,0.8,5.0,0.85,0.7,0.95,2.0,0.4,0.1,1.5,0.30000000000000004,0.21666666666666667,0.7666666666666666,192.0,24.0
105,416.6666666666667,79.33333333333333,0.6,0.05,0.8,5.0,0.85,0.8999999999999999,0.95,2.0,0.4,0.1,1.5,0.30000000000000004,0.21666666666666667,0.7666666666666666,192.0,24.0
106,416.6666666666667,79.33333333333333,0.6,0.05,0.8,5.0,0.85,0.8999999999999999,0.95,2.0,0.4,0.1,1.5,0.30000000000000004,0.21666666666666667,0.7666666666666666,80.0,24.0
107,416.6666666666667,79.33333333333333,0.6,0.05,0.8,5.0,0.85,0.8999999999999999,0.85,2.0,0.4,0.1,1.5,0.30000000000000004,0.21666666666666667,0.7666666666666666,80.0,24.0
108,416.6666666666667,79.33333333333333,0.6,0.05,0.8,5.0,0.95,0.8999999999999999,0.85,2.0,0.4,0.1,1.5,0.30000000000000004,0.21666666666666667,0.7666666666666666,80.0,24.0
109,416.6666666666667,79.33333333333333,0.6,0.05,0.8,5.0,0.95,0.8999999999999999,0.85,2.0,0.4,0.1,1.5,0.30000000000000004,0.21666666666666667,0.3,80.0,24.0
110,416.6666666666667,79.33333333333333,0.6,0.05,0.8,5.0,0.95,0.8999999999999999,0.85,2.0,0.4,0.03333333333333334,1.5,0.30000000000000004,0.21666666666666667,0.3,80.0,24.0
111,416.6666666666667,34.0,0.6,0.05,0.8,5.0,0.95,0.8999999999999999,0.85,2.0,0.4,0.03333333333333334,1.5,0.30000000000000004,0.21666666666666667,0.3,80.0,24.0
112,416.6666666666667,34.0,0.6,0.05,0.8,3.0,0.95,0.8999999999999999,0.85,2.0,0.4,0.03333333333333334,1.5,0.30000000000000004,0.21666666666666667,0.3,80.0,24.0
113,416.6666666666667,34.0,0.6,0.05,0.8,3.0,0.95,0.8999999999999999,0.85,2.0,0.4,0.03333333333333334,0.5,0.30000000000000004,0.21666666666666667,0.3,80.0,24.0
114,550.0,79.33333333333333,0.8,0.15000000000000002,1.2,3.0,0.95,1.0,0.9,14.0,1.0,0.1,1.0,0.2,0.05,0.7666666666666666,192.0,4.0
115,550.0,79.33333333333333,0.8,0.05,1.2,3.0,0.95,1.0,0.9,14.0,1.0,0.1,1.0,0.2,0.05,0.7666666666666666,192.0,4.0
116,550.0,79.33333333333333,0.8,0.05,0.8,3.0,0.95,1.0,0.9,14.0,1.0,0.1,1.0,0.2,0.05,0.7666666666666666,192.0,4.0
117,550.0,79.33333333333333,0.8,0.05,0.8,3.0,0.95,1.0,0.9,2.0,1.0,0.1,1.0,0.2,0.05,0.7666666666666666,192.0,4.0
118,550.0,79.33333333333333,0.8,0.05,0.8,3.0,0.95,1.0,0.9,2.0,1.0,0.1,2.0,0.2,0.05,0.7666666666666666,192.0,4.0
119,550.0,79.33333333333333,0.8,0.05,0.8,3.0,0.95,1.0,1.0,2.0,1.0,0.1,2.0,0.2,0.05,0.7666666666666666,192.0,4.0
120,550.0,79.33333333333333,0.8,0.05,0.8,3.0,0.95,1.0,1.0,2.0,1.0,0.1,2.0,0.2,0.05,0.7666666666666666,192.0,17.333333333333332
121,550.0,34.0,0.8,0.05,0.8,3.0,0.95,1.0,1.0,2.0,1.0,0.1,2.0,0.2,0.05,0.7666666666666666,192.0,17.333333333333332
122,550.0,34.0,0.8,0.05,0.8,3.0,0.95,1.0,1.0,2.0,0.4,0.1,2.0,0.2,0.05,0.7666666666666666,192.0,17.333333333333332
123,550.0,34.0,0.8,0.05,0.8,3.0,0.95,1.0,1.0,2.0,0.4,0.1,2.0,0.2,0.05,0.7666666666666666,80.0,17.333333333333332
124,550.0,34.0,0.8,0.05,0.8,5.0,0.95,1.0,1.0,2.0,0.4,0.1,2.0,0.2,0.05,0.7666666666666666,80.0,17.333333333333332
125,550.0,34.0,0.8,0.05,0.8,5.0,0.95,1.0,1.0,2.0,0.4,0.1,2.0,0.2,0.21666666666666667,0.7666666666666666,80.0,17.333333333333332
126,550.0,34.0,0.6666666666666666,0.05,0.8,5.0,0.95,1.0,1.0,2.0,0.4,0.1,2.0,0.2,0.21666666666666667,0.7666666666666666,80.0,17.333333333333332
127,550.0,34.0,0.6666666666666666,0.05,0.8,5.0,0.95,1.0,1.0,2.0,0.4,0.03333333333333334,2.0,0.2,0.21666666666666667,0.7666666666666666,80.0,17.333333333333332
128,416.6666666666667,34.0,0.6666666666666666,0.05,0.8,5.0,0.95,1.0,1.0,2.0,0.4,0.03333333333333334,2.0,0.2,0.21666666666666667,0.7666666666666666,80.0,17.333333333333332
129,416.6666666666667,34.0,0.6666666666666666,0.05,0.8,5.0,0.95,1.0,1.0,2.0,0.4,0.03333333333333334,2.0,0.2,0.21666666666666667,0.3,80.0,17.333333333333332
130,416.6666666666667,34.0,0.6666666666666666,0.05,0.8,5.0,0.95,1.0,1.0,2.0,0.4,0.03333333333333334,2.0,0.4,0.21666666666666667,0.3,80.0,17.333333333333332
131,416.6666666666667,34.0,0.6666666666666666,0.05,0.8,5.0,0.95,0.7999999999999999,1.0,2.0,0.4,0.03333333333333334,2.0,0.4,0.21666666666666667,0.3,80.0,17.333333333333332
132,416.6666666666667,34.0,0.6666666666666666,0.05,0.8,5.0,0.85,0.7999999999999999,1.0,2.0,0.4,0.03333333333333334,2.0,0.4,0.21666666666666667,0.3,80.0,17.333333333333332
133,350.0,102.0,0.8,0.1,1.2,5.0,0.85,0.8999999999999999,0.85,2.0,1.0,0.0,1.5,0.4,0.13333333333333336,0.3,192.0,24.0
134,350.0,102.0,0.8,0.1,1.2,5.0,0.85,0.8999999999999999,0.85,2.0,1.0,0.0,1.5,0.4,0.13333333333333336,0.3,192.0,10.666666666666668
135,350.0,56.66666666666667,0.8,0.1,1.2,5.0,0.85,0.8999999999999999,0.85,2.0,1.0,0.0,1.5,0.4,0.13333333333333336,0.3,192.0,10.666666666666668
136,350.0,56.66666666666667,0.8,0.1,1.2,5.0,0.85,0.8999999999999999,0.85,2.0,1.0,0.0,1.5,0.4,0.13333333333333336,0.3,80.0,10.666666666666668
137,350.0,56.66666666666667,0.8,0.1,1.2,5.0,0.85,0.8999999999999999,0.85,2.0,1.0,0.0,1.5,0.2,0.13333333333333336,0.3,80.0,10.666666666666668
138,483.3333333333333,56.66666666666667,0.8,0.1,1.2,5.0,0.85,0.8999999999999999,0.85,2.0,1.0,0.0,1.5,0.2,0.13333333333333336,0.3,80.0,10.666666666666668
139,483.3333333333333,56.66666666666667,0.8,0.1,0.8,5.0,0.85,0.8999999999999999,0.85,2.0,1.0,0.0,1.5,0.2,0.13333333333333336,0.3,80.0,10.666666666666668
140,483.3333333333333,56.66666666666667,0.6666666666666666,0.1,0.8,5.0,0.85,0.8999999999999999,0.85,2.0,1.0,0.0,1.5,0.2,0.13333333333333336,0.3,80.0,10.666666666666668
141,483.3333333333333,56.66666666666667,0.6666666666666666,0.1,0.8,3.0,0.85,0.8999999999999999,0.85,2.0,1.0,0.0,1.5,0.2,0.13333333333333336,0.3,80.0,10.666666666666668
142,483.3333333333333,56.66666666666667,0.6666666666666666,0.1,0.8,3.0,0.85,0.8999999999999999,0.85,14.0,1.0,0.0,1.5,0.2,0.13333333333333336,0.3,80.0,10.666666666666668
143,483.3333333333333,56.66666666666667,0.6666666666666666,0.1,0.8,3.0,0.85,0.8999999999999999,0.85,14.0,1.0,0.0,1.5,0.2,0.13333333333333336,0.7666666666666666,80.0,10.666666666666668
144,483.3333333333333,56.66666666666667,0.6666666666666666,0.1,0.8,3.0,0.85,0.8999999999999999,0.85,14.0,0.4,0.0,1.5,0.2,0.13333333333333336,0.7666666666666666,80.0,10.666666666666668
145,483.3333333333333,56.66666666666667,0.6666666666666666,0.1,0.8,3.0,0.85,0.8999999999999999,0.85,14.0,0.4,0.0,0.5,0.2,0.13333333333333336,0.7666666666666666,80.0,10.666666666666668
146,483.3333333333333,56.66666666666667,0.6666666666666666,0.1,0.8,3.0,0.85,0.8999999999999999,0.85,14.0,0.4,0.0,0.5,0.2,0.3,0.7666666666666666,80.0,10.666666666666668
147,483.3333333333333,56.66666666666667,0.6666666666666666,0.1,0.8,3.0,0.95,0.8999999999999999,0.85,14.0,0.4,0.0,0.5,0.2,0.3,0.7666666666666666,80.0,10.666666666666668
148,483.3333333333333,56.66666666666667,0.6666666666666666,0.1,0.8,3.0,0.95,0.7,0.85,14.0,0.4,0.0,0.5,0.2,0.3,0.7666666666666666,80.0,10.666666666666668
149,483.3333333333333,56.66666666666667,0.6666666666666666,0.2,0.8,3.0,0.95,0.7,0.85,14.0,0.4,0.0,0.5,0.2,0.3,0.7666666666666666,80.0,10.666666666666668
150,483.3333333333333,56.66666666666667,0.6666666666666666,0.2,0.8,3.0,0.95,0.7,0.95,14.0,0.4,0.0,0.5,0.2,0.3,0.7666666666666666,80.0,10.666666666666668
151,483.3333333333333,56.66666666666667,0.6666666666666666,0.2,0.8,3.0,0.95,0.7,0.95,14.0,0.4,0.06666666666666667,0.5,0.2,0.3,0.7666666666666666,80.0,10.666666666666668
152,350.0,56.66666666666667,0.6666666666666666,0.1,1.2,5.0,0.85,0.7999999999999999,0.85,2.0,0.7,0.03333333333333334,1.0,0.1,0.21666666666666667,0.5333333333333333,24.0,10.666666666666668
153,350.0,56.66666666666667,0.6666666666666666,0.2,1.2,5.0,0.85,0.7999999999999999,0.85,2.0,0.7,0.03333333333333334,1.0,0.1,0.21666666666666667,0.5333333333333333,24.0,10.666666666666668
154,350.0,56.66666666666667,0.6666666666666666,0.2,1.2,5.0,0.85,0.7999999999999999,0.85,2.0,0.7,0.1,1.0,0.1,0.21666666666666667,0.5333333333333333,24.0,10.666666666666668
155,350.0,102.0,0.6666666666666666,0.2,1.2,5.0,0.85,0.7999999999999999,0.85,2.0,0.7,0.1,1.0,0.1,0.21666666666666667,0.5333333333333333,24.0,10.666666666666668
156,350.0,102.0,0.6666666666666666,0.2,1.2,5.0,0.85,0.7999999999999999,0.85,2.0,0.1,0.1,1.0,0.1,0.21666666666666667,0.5333333333333333,24.0,10.666666666666668
157,350.0,102.0,0.6666666666666666,0.2,1.2,5.0,0.85,0.7999999999999999,0.85,2.0,0.1,0.1,1.0,0.1,0.21666666666666667,0.5333333333333333,136.0,10.666666666666668
158,350.0,102.0,0.6666666666666666,0.2,1.2,5.0,0.85,1.0,0.85,2.0,0.1,0.1,1.0,0.1,0.21666666666666667,0.5333333333333333,136.0,10.666666666666668
159,350.0,102.0,0.6666666666666666,0.2,1.2,3.0,0.85,1.0,0.85,2.0,0.1,0.1,1.0,0.1,0.21666666666666667,0.5333333333333333,136.0,10.666666666666668
160,350.0,102.0,0.6666666666666666,0.2,1.2,3.0,0.85,1.0,0.85,2.0,0.1,0.1,1.0,0.1,0.05,0.5333333333333333,136.0,10.666666666666668
161,350.0,102.0,0.6666666666666666,0.2,1.2,3.0,0.85,1.0,0.85,2.0,0.1,0.1,1.0,0.1,0.05,1.0,136.0,10.666666666666668
162,350.0,102.0,0.6666666666666666,0.2,0.8,3.0,0.85,1.0,0.85,2.0,0.1,0.1,1.0,0.1,0.05,1.0,136.0,10.666666666666668
163,350.0,102.0,0.6666666666666666,0.2,0.8,3.0,0.85,1.0,0.85,2.0,0.1,0.1,1.0,0.1,0.05,1.0,136.0,24.0
164,350.0,102.0,0.6666666666666666,0.2,0.8,3.0,0.85,1.0,0.85,2.0,0.1,0.1,2.0,0.1,0.05,1.0,136.0,24.0
165,350.0,102.0,0.6666666666666666,0.2,0.8,3.0,0.85,1.0,0.95,2.0,0.1,0.1,2.0,0.1,0.05,1.0,136.0,24.0
166,350.0,102.0,0.6666666666666666,0.2,0.8,3.0,0.85,1.0,0.95,14.0,0.1,0.1,2.0,0.1,0.05,1.0,136.0,24.0
167,350.0,102.0,0.6666666666666666,0.2,0.8,3.0,0.85,1.0,0.95,14.0,0.1,0.1,2.0,0.30000000000000004,0.05,1.0,136.0,24.0
168,350.0,102.0,0.6666666666666666,0.2,0.8,3.0,0.95,1.0,0.95,14.0,0.1,0.1,2.0,0.30000000000000004,0.05,1.0,136.0,24.0
169,483.3333333333333,102.0,0.6666666666666666,0.2,0.8,3.0,0.95,1.0,0.95,14.0,0.1,0.1,2.0,0.30000000000000004,0.05,1.0,136.0,24.0
170,483.3333333333333,102.0,0.8,0.2,0.8,3.0,0.95,1.0,0.95,14.0,0.1,0.1,2.0,0.30000000000000004,0.05,1.0,136.0,24.0
171,550.0,34.0,0.8,0.1,0.8,3.0,0.8,0.8999999999999999,0.95,2.0,1.0,0.0,2.0,0.2,0.21666666666666667,0.3,136.0,17.333333333333332
172,550.0,34.0,0.8,0.1,0.8,3.0,0.8,0.7,0.95,2.0,1.0,0.0,2.0,0.2,0.21666666666666667,0.3,136.0,17.333333333333332
173,550.0,34.0,0.8,0.1,0.8,3.0,0.8,0.7,0.95,2.0,1.0,0.0,2.0,0.2,0.21666666666666667,0.3,136.0,4.0
174,550.0,34.0,0.8,0.1,0.8,3.0,0.9,0.7,0.95,2.0,1.0,0.0,2.0,0.2,0.21666666666666667,0.3,136.0,4.0
175,550.0,34.0,0.8,0.1,0.8,3.0,0.9,0.7,0.95,2.0,1.0,0.0,1.0,0.2,0.21666666666666667,0.3,136.0,4.0
176,550.0,34.0,0.8,0.1,0.8,5.0,0.9,0.7,0.95,2.0,1.0,0.0,1.0,0.2,0.21666666666666667,0.3,136.0,4.0
177,550.0,34.0,0.8,0.1,0.8,5.0,0.9,0.7,0.95,14.0,1.0,0.0,1.0,0.2,0.21666666666666667,0.3,136.0,4.0
178,550.0,34.0,0.8,0.1,0.8,5.0,0.9,0.7,0.85,14.0,1.0,0.0,1.0,0.2,0.21666666666666667,0.3,136.0,4.0
179,550.0,34.0,0.8,0.2,0.8,5.0,0.9,0.7,0.85,14.0,1.0,0.0,1.0,0.2,0.21666666666666667,0.3,136.0,4.0
180,550.0,34.0,0.8,0.2,0.8,5.0,0.9,0.7,0.85,14.0,1.0,0.06666666666666667,1.0,0.2,0.21666666666666667,0.3,136.0,4.0
181,550.0,79.33333333333333,0.8,0.2,0.8,5.0,0.9,0.7,0.85,14.0,1.0,0.06666666666666667,1.0,0.2,0.21666666666666667,0.3,136.0,4.0
182,550.0,79.33333333333333,0.8,0.2,0.8,5.0,0.9,0.7,0.85,14.0,1.0,0.06666666666666667,1.0,0.4,0.21666666666666667,0.3,136.0,4.0
183,416.6666666666667,79.33333333333333,0.8,0.2,0.8,5.0,0.9,0.7,0.85,14.0,1.0,0.06666666666666667,1.0,0.4,0.21666666666666667,0.3,136.0,4.0
184,416.6666666666667,79.33333333333333,0.8,0.2,0.8,5.0,0.9,0.7,0.85,14.0,0.4,0.06666666666666667,1.0,0.4,0.21666666666666667,0.3,136.0,4.0
185,416.6666666666667,79.33333333333333,0.8,0.2,0.8,5.0,0.9,0.7,0.85,14.0,0.4,0.06666666666666667,1.0,0.4,0.21666666666666667,0.7666666666666666,136.0,4.0
186,416.6666666666667,79.33333333333333,0.8,0.2,1.2,5.0,0.9,0.7,0.85,14.0,0.4,0.06666666666666667,1.0,0.4,0.21666666666666667,0.7666666666666666,136.0,4.0
187,416.6666666666667,79.33333333333333,0.8,0.2,1.2,5.0,0.9,0.7,0.85,14.0,0.4,0.06666666666666667,1.0,0.4,0.21666666666666667,0.7666666666666666,24.0,4.0
188,416.6666666666667,79.33333333333333,0.6666666666666666,0.2,1.2,5.0,0.9,0.7,0.85,14.0,0.4,0.06666666666666667,1.0,0.4,0.21666666666666667,0.7666666666666666,24.0,4.0
189,416.6666666666667,79.33333333333333,0.6666666666666666,0.2,1.2,5.0,0.9,0.7,0.85,14.0,0.4,0.06666666666666667,1.0,0.4,0.05,0.7666666666666666,24.0,4.0
190,550.0,56.66666666666667,0.8,0.1,1.2,3.0,0.8,1.0,0.95,14.0,1.0,0.06666666666666667,1.0,0.4,0.13333333333333336,0.7666666666666666,80.0,4.0
191,550.0,56.66666666666667,0.8,0.1,1.2,3.0,0.8,1.0,0.95,14.0,1.0,0.06666666666666667,1.0,0.4,0.3,0.7666666666666666,80.0,4.0
192,550.0,56.66666666666667,0.8,0.1,1.2,3.0,0.8,1.0,0.95,14.0,0.4,0.06666666666666667,1.0,0.4,0.3,0.7666666666666666,80.0,4.0
193,550.0,56.66666666666667,0.8,0.1,1.2,3.0,0.8,1.0,0.95,14.0,0.4,0.06666666666666667,1.0,0.2,0.3,0.7666666666666666,80.0,4.0
194,550.0,56.66666666666667,0.8,0.1,0.8,3.0,0.8,1.0,0.95,14.0,0.4,0.06666666666666667,1.0,0.2,0.3,0.7666666666666666,80.0,4.0
195,550.0,56.66666666666667,0.8,0.1,0.8,3.0,0.8,1.0,0.95,14.0,0.4,0.06666666666666667,1.0,0.2,0.3,0.3,80.0,4.0
196,416.6666666666667,56.66666666666667,0.8,0.1,0.8,3.0,0.8,1.0,0.95,14.0,0.4,0.06666666666666667,1.0,0.2,0.3,0.3,80.0,4.0
197,416.6666666666667,56.66666666666667,0.6666666666666666,0.1,0.8,3.0,0.8,1.0,0.95,14.0,0.4,0.06666666666666667,1.0,0.2,0.3,0.3,80.0,4.0
198,416.6666666666667,56.66666666666667,0.6666666666666666,0.1,0.8,3.0,0.8,1.0,0.95,14.0,0.4,0.0,1.0,0.2,0.3,0.3,80.0,4.0
199,416.6666666666667,56.66666666666667,0.6666666666666666,0.1,0.8,3.0,0.9,1.0,0.95,14.0,0.4,0.0,1.0,0.2,0.3,0.3,80.0,4.0
200,416.6666666666667,56.66666666666667,0.6666666666666666,0.1,0.8,3.0,0.9,0.7999999999999999,0.95,14.0,0.4,0.0,1.0,0.2,0.3,0.3,80.0,4.0
201,416.6666666666667,56.66666666666667,0.6666666666666666,0.2,0.8,3.0,0.9,0.7999999999999999,0.95,14.0,0.4,0.0,1.0,0.2,0.3,0.3,80.0,4.0
202,416.6666666666667,56.66666666666667,0.6666666666666666,0.2,0.8,3.0,0.9,0.7999999999999999,0.95,14.0,0.4,0.0,1.0,0.2,0.3,0.3,192.0,4.0
203,416.6666666666667,56.66666666666667,0.6666666666666666,0.2,0.8,3.0,0.9,0.7999999999999999,0.85,14.0,0.4,0.0,1.0,0.2,0.3,0.3,192.0,4.0
204,416.6666666666667,56.66666666666667,0.6666666666666666,0.2,0.8,3.0,0.9,0.7999999999999999,0.85,14.0,0.4,0.0,1.0,0.2,0.3,0.3,192.0,17.333333333333332
205,416.6666666666667,56.66666666666667,0.6666666666666666,0.2,0.8,5.0,0.9,0.7999999999999999,0.85,14.0,0.4,0.0,1.0,0.2,0.3,0.3,192.0,17.333333333333332
206,416.6666666666667,56.66666666666667,0.6666666666666666,0.2,0.8,5.0,0.9,0.7999999999999999,0.85,2.0,0.4,0.0,1.0,0.2,0.3,0.3,192.0,17.333333333333332
207,416.6666666666667,56.66666666666667,0.6666666666666666,0.2,0.8,5.0,0.9,0.7999999999999999,0.85,2.0,0.4,0.0,2.0,0.2,0.3,0.3,192.0,17.333333333333332
208,416.6666666666667,102.0,0.6666666666666666,0.2,0.8,5.0,0.9,0.7999999999999999,0.85,2.0,0.4,0.0,2.0,0.2,0.3,0.3,192.0,17.333333333333332
209,550.0,34.0,0.6666666666666666,0.15000000000000002,0.6,3.0,0.8,1.0,0.95,8.0,0.4,0.06666666666666667,0.5,0.4,0.13333333333333336,0.5333333333333333,192.0,10.666666666666668
210,550.0,34.0,0.6666666666666666,0.15000000000000002,0.6,3.0,0.8,1.0,0.95,8.0,0.4,0.06666666666666667,0.5,0.4,0.13333333333333336,0.5333333333333333,192.0,24.0
211,550.0,34.0,0.6666666666666666,0.15000000000000002,0.6,3.0,0.8,1.0,0.95,8.0,0.4,0.06666666666666667,0.5,0.4,0.3,0.5333333333333333,192.0,24.0
212,550.0,34.0,0.6666666666666666,0.15000000000000002,0.6,3.0,0.8,0.7999999999999999,0.95,8.0,0.4,0.06666666666666667,0.5,0.4,0.3,0.5333333333333333,192.0,24.0
213,550.0,34.0,0.6666666666666666,0.15000000000000002,0.6,3.0,0.8,0.7999999999999999,0.95,20.0,0.4,0.06666666666666667,0.5,0.4,0.3,0.5333333333333333,192.0,24.0
214,550.0,79.33333333333333,0.6666666666666666,0.15000000000000002,0.6,3.0,0.8,0.7999999999999999,0.95,20.0,0.4,0.06666666666666667,0.5,0.4,0.3,0.5333333333333333,192.0,24.0
215,550.0,79.33333333333333,0.6666666666666666,0.15000000000000002,0.6,3.0,0.8,0.7999999999999999,0.95,20.0,1.0,0.06666666666666667,0.5,0.4,0.3,0.5333333333333333,192.0,24.0
216,550.0,79.33333333333333,0.6666666666666666,0.15000000000000002,0.6,3.0,0.8,0.7999999999999999,0.95,20.0,1.0,0.06666666666666667,1.5,0.4,0.3,0.5333333333333333,192.0,24.0
217,550.0,79.33333333333333,0.8,0.15000000000000002,0.6,3.0,0.8,0.7999999999999999,0.95,20.0,1.0,0.06666666666666667,1.5,0.4,0.3,0.5333333333333333,192.0,24.0
218,416.6666666666667,79.33333333333333,0.8,0.15000000000000002,0.6,3.0,0.8,0.7999999999999999,0.95,20.0,1.0,0.06666666666666667,1.5,0.4,0.3,0.5333333333333333,192.0,24.0
219,416.6666666666667,79.33333333333333,0.8,0.15000000000000002,0.6,3.0,0.8,0.7999999999999999,0.85,20.0,1.0,0.06666666666666667,1.5,0.4,0.3,0.5333333333333333,192.0,24.0
220,416.6666666666667,79.33333333333333,0.8,0.15000000000000002,0.6,5.0,0.8,0.7999999999999999,0.85,20.0,1.0,0.06666666666666667,1.5,0.4,0.3,0.5333333333333333,192.0,24.0
221,416.6666666666667,79.33333333333333,0.8,0.05,0.6,5.0,0.8,0.7999999999999999,0.85,20.0,1.0,0.06666666666666667,1.5,0.4,0.3,0.5333333333333333,192.0,24.0
222,416.6666666666667,79.33333333333333,0.8,0.05,0.6,5.0,0.9,0.7999999999999999,0.85,20.0,1.0,0.06666666666666667,1.5,0.4,0.3,0.5333333333333333,192.0,24.0
223,416.6666666666667,79.33333333333333,0.8,0.05,0.6,5.0,0.9,0.7999999999999999,0.85,20.0,1.0,0.06666666666666667,1.5,0.2,0.3,0.5333333333333333,192.0,24.0
224,416.6666666666667,79.33333333333333,0.8,0.05,1.0,5.0,0.9,0.7999999999999999,0.85,20.0,1.0,0.06666666666666667,1.5,0.2,0.3,0.5333333333333333,192.0,24.0
225,416.6666666666667,79.33333333333333,0.8,0.05,1.0,5.0,0.9,0.7999999999999999,0.85,20.0,1.0,0.06666666666666667,1.5,0.2,0.3,0.5333333333333333,80.0,24.0
226,416.6666666666667,79.33333333333333,0.8,0.05,1.0,5.0,0.9,0.7999999999999999,0.85,20.0,1.0,0.06666666666666667,1.5,0.2,0.3,1.0,80.0,24.0
227,416.6666666666667,79.33333333333333,0.8,0.05,1.0,5.0,0.9,0.7999999999999999,0.85,20.0,1.0,0.0,1.5,0.2,0.3,1.0,80.0,24.0
228,550.0,102.0,0.6,0.05,0.8,5.0,0.9,0.7,0.95,20.0,0.4,0.06666666666666667,0.5,0.1,0.05,0.3,24.0,10.666666666666668
229,550.0,102.0,0.6,0.05,0.8,5.0,0.9,0.7,0.95,20.0,1.0,0.06666666666666667,0.5,0.1,0.05,0.3,24.0,10.666666666666668
230,550.0,102.0,0.6,0.05,0.8,5.0,0.9,0.7,0.95,20.0,1.0,0.06666666666666667,1.5,0.1,0.05,0.3,24.0,10.666666666666668
231,550.0,102.0,0.6,0.15000000000000002,0.8,5.0,0.9,0.7,0.95,20.0,1.0,0.06666666666666667,1.5,0.1,0.05,0.3,24.0,10.666666666666668
232,550.0,102.0,0.7333333333333334,0.15000000000000002,0.8,5.0,0.9,0.7,0.95,20.0,1.0,0.06666666666666667,1.5,0.1,0.05,0.3,24.0,10.666666666666668
233,550.0,56.66666666666667,0.7333333333333334,0.15000000000000002,0.8,5.0,0.9,0.7,0.95,20.0,1.0,0.06666666666666667,1.5,0.1,0.05,0.3,24.0,10.666666666666668
234,550.0,56.66666666666667,0.7333333333333334,0.15000000000000002,0.8,5.0,0.9,0.7,0.95,20.0,1.0,0.06666666666666667,1.5,0.1,0.21666666666666667,0.3,24.0,10.666666666666668
235,550.0,56.66666666666667,0.7333333333333334,0.15000000000000002,0.8,5.0,0.9,0.8999999999999999,0.95,20.0,1.0,0.06666666666666667,1.5,0.1,0.21666666666666667,0.3,24.0,10.666666666666668
236,550.0,56.66666666666667,0.7333333333333334,0.15000000000000002,0.8,5.0,0.9,0.8999999999999999,0.95,20.0,1.0,0.0,1.5,0.1,0.21666666666666667,0.3,24.0,10.666666666666668
237,550.0,56.66666666666667,0.7333333333333334,0.15000000000000002,0.8,5.0,0.9,0.8999999999999999,0.85,20.0,1.0,0.0,1.5,0.1,0.21666666666666667,0.3,24.0,10.666666666666668
238,550.0,56.66666666666667,0.7333333333333334,0.15000000000000002,0.8,5.0,0.9,0.8999999999999999,0.85,20.0,1.0,0.0,1.5,0.1,0.21666666666666667,0.7666666666666666,24.0,10.666666666666668
239,416.6666666666667,56.66666666666667,0.7333333333333334,0.15000000000000002,0.8,5.0,0.9,0.8999999999999999,0.85,20.0,1.0,0.0,1.5,0.1,0.21666666666666667,0.7666666666666666,24.0,10.666666666666668
240,416.6666666666667,56.66666666666667,0.7333333333333334,0.15000000000000002,0.8,5.0,0.9,0.8999999999999999,0.85,20.0,1.0,0.0,1.5,0.1,0.21666666666666667,0.7666666666666666,24.0,24.0
241,416.6666666666667,56.66666666666667,0.7333333333333334,0.15000000000000002,0.8,5.0,0.9,0.8999999999999999,0.85,20.0,1.0,0.0,1.5,0.1,0.21666666666666667,0.7666666666666666,136.0,24.0
242,416.6666666666667,56.66666666666667,0.7333333333333334,0.15000000000000002,0.8,5.0,0.9,0.8999999999999999,0.85,8.0,1.0,0.0,1.5,0.1,0.21666666666666667,0.7666666666666666,136.0,24.0
243,416.6666666666667,56.66666666666667,0.7333333333333334,0.15000000000000002,0.8,5.0,0.9,0.8999999999999999,0.85,8.0,1.0,0.0,1.5,0.30000000000000004,0.21666666666666667,0.7666666666666666,136.0,24.0
244,416.6666666666667,56.66666666666667,0.7333333333333334,0.15000000000000002,0.8,5.0,0.8,0.8999999999999999,0.85,8.0,1.0,0.0,1.5,0.30000000000000004,0.21666666666666667,0.7666666666666666,136.0,24.0
245,416.6666666666667,56.66666666666667,0.7333333333333334,0.15000000000000002,0.8,3.0,0.8,0.8999999999999999,0.85,8.0,1.0,0.0,1.5,0.30000000000000004,0.21666666666666667,0.7666666666666666,136.0,24.0
246,416.6666666666667,56.66666666666667,0.7333333333333334,0.15000000000000002,1.2,3.0,0.8,0.8999999999999999,0.85,8.0,1.0,0.0,1.5,0.30000000000000004,0.21666666666666667,0.7666666666666666,136.0,24.0
247,350.0,102.0,0.7333333333333334,0.15000000000000002,0.6,5.0,0.85,0.8999999999999999,0.85,2.0,0.7,0.06666666666666667,0.5,0.30000000000000004,0.05,0.7666666666666666,136.0,10.666666666666668
248,350.0,102.0,0.7333333333333334,0.15000000000000002,0.6,5.0,0.85,0.8999999999999999,0.85,2.0,0.7,0.06666666666666667,0.5,0.30000000000000004,0.05,0.7666666666666666,24.0,10.666666666666668
249,350.0,102.0,0.7333333333333334,0.15000000000000002,0.6,5.0,0.85,0.8999999999999999,0.85,2.0,0.7,0.06666666666666667,1.5,0.30000000000000004,0.05,0.7666666666666666,24.0,10.666666666666668
250,350.0,102.0,0.7333333333333334,0.15000000000000002,0.6,5.0,0.85,0.8999999999999999,0.85,2.0,0.1,0.06666666666666667,1.5,0.30000000000000004,0.05,0.7666666666666666,24.0,10.666666666666668
251,350.0,56.66666666666667,0.7333333333333334,0.15000000000000002,0.6,5.0,0.85,0.8999999999999999,0.85,2.0,0.1,0.06666666666666667,1.5,0.30000000000000004,0.05,0.7666666666666666,24.0,10.666666666666668
252,350.0,56.66666666666667,0.7333333333333334,0.15000000000000002,1.0,5.0,0.85,0.8999999999999999,0.85,2.0,0.1,0.06666666666666667,1.5,0.30000000000000004,0.05,0.7666666666666666,24.0,10.666666666666668
253,350.0,56.66666666666667,0.7333333333333334,0.15000000000000002,1.0,5.0,0.85,0.8999999999999999,0.85,2.0,0.1,0.06666666666666667,1.5,0.30000000000000004,0.05,0.3,24.0,10.666666666666668
254,350.0,56.66666666666667,0.7333333333333334,0.15000000000000002,1.0,5.0,0.85,0.8999999999999999,0.85,2.0,0.1,0.0,1.5,0.30000000000000004,0.05,0.3,24.0,10.666666666666668
255,350.0,56.66666666666667,0.7333333333333334,0.15000000000000002,1.0,5.0,0.85,0.8999999999999999,0.85,2.0,0.1,0.0,1.5,0.30000000000000004,0.05,0.3,24.0,24.0
256,350.0,56.66666666666667,0.6,0.15000000000000002,1.0,5.0,0.85,0.8999999999999999,0.85,2.0,0.1,0.0,1.5,0.30000000000000004,0.05,0.3,24.0,24.0
257,350.0,56.66666666666667,0.6,0.15000000000000002,1.0,5.0,0.85,0.8999999999999999,0.85,14.0,0.1,0.0,1.5,0.30000000000000004,0.05,0.3,24.0,24.0
258,483.3333333333333,56.66666666666667,0.6,0.15000000000000002,1.0,5.0,0.85,0.8999999999999999,0.85,14.0,0.1,0.0,1.5,0.30000000000000004,0.05,0.3,24.0,24.0
259,483.3333333333333,56.66666666666667,0.6,0.15000000000000002,1.0,5.0,0.85,0.7,0.85,14.0,0.1,0.0,1.5,0.30000000000000004,0.05,0.3,24.0,24.0
260,483.3333333333333,56.66666666666667,0.6,0.05,1.0,5.0,0.85,0.7,0.85,14.0,0.1,0.0,1.5,0.30000000000000004,0.05,0.3,24.0,24.0
261,483.3333333333333,56.66666666666667,0.6,0.05,1.0,3.0,0.85,0.7,0.85,14.0,0.1,0.0,1.5,0.30000000000000004,0.05,0.3,24.0,24.0
262,483.3333333333333,56.66666666666667,0.6,0.05,1.0,3.0,0.85,0.7,0.95,14.0,0.1,0.0,1.5,0.30000000000000004,0.05,0.3,24.0,24.0
263,483.3333333333333,56.66666666666667,0.6,0.05,1.0,3.0,0.85,0.7,0.95,14.0,0.1,0.0,1.5,0.1,0.05,0.3,24.0,24.0
264,483.3333333333333,56.66666666666667,0.6,0.05,1.0,3.0,0.85,0.7,0.95,14.0,0.1,0.0,1.5,0.1,0.21666666666666667,0.3,24.0,24.0
265,483.3333333333333,56.66666666666667,0.6,0.05,1.0,3.0,0.95,0.7,0.95,14.0,0.1,0.0,1.5,0.1,0.21666666666666667,0.3,24.0,24.0
266,550.0,34.0,0.6,0.2,0.8,4.0,0.95,0.8999999999999999,0.95,2.0,0.1,0.0,0.5,0.30000000000000004,0.21666666666666667,0.5333333333333333,80.0,10.666666666666668
267,550.0,34.0,0.6,0.2,0.8,4.0,0.95,0.8999999999999999,0.95,2.0,0.1,0.0,0.5,0.30000000000000004,0.05,0.5333333333333333,80.0,10.666666666666668
268,550.0,79.33333333333333,0.6,0.2,0.8,4.0,0.95,0.8999999999999999,0.95,2.0,0.1,0.0,0.5,0.30000000000000004,0.05,0.5333333333333333,80.0,10.666666666666668
269,550.0,79.33333333333333,0.6,0.2,0.8,4.0,0.95,0.8999999999999999,0.95,2.0,0.1,0.0,0.5,0.30000000000000004,0.05,0.5333333333333333,192.0,10.666666666666668
270,550.0,79.33333333333333,0.6,0.1,0.8,4.0,0.95,0.8999999999999999,0.95,2.0,0.1,0.0,0.5,0.30000000000000004,0.05,0.5333333333333333,192.0,10.666666666666668
271,550.0,79.33333333333333,0.6,0.1,0.8,2.0,0.95,0.8999999999999999,0.95,2.0,0.1,0.0,0.5,0.30000000000000004,0.05,0.5333333333333333,192.0,10.666666666666668
272,550.0,79.33333333333333,0.6,0.1,0.8,2.0,0.95,0.8999999999999999,0.95,14.0,0.1,0.0,0.5,0.30000000000000004,0.05,0.5333333333333333,192.0,10.666666666666668
273,550.0,79.33333333333333,0.6,0.1,0.8,2.0,0.95,0.8999999999999999,0.85,14.0,0.1,0.0,0.5,0.30000000000000004,0.05,0.5333333333333333,192.0,10.666666666666668
274,416.6666666666667,79.33333333333333,0.6,0.1,0.8,2.0,0.95,0.8999999999999999,0.85,14.0,0.1,0.0,0.5,0.30000000000000004,0.05,0.5333333333333333,192.0,10.666666666666668
275,416.6666666666667,79.33333333333333,0.6,0.1,0.8,2.0,0.95,0.8999999999999999,0.85,14.0,0.1,0.0,0.5,0.30000000000000004,0.05,0.5333333333333333,192.0,24.0
276,416.6666666666667,79.33333333333333,0.7333333333333334,0.1,0.8,2.0,0.95,0.8999999999999999,0.85,14.0,0.1,0.0,0.5,0.30000000000000004,0.05,0.5333333333333333,192.0,24.0
277,416.6666666666667,79.33333333333333,0.7333333333333334,0.1,0.8,2.0,0.95,0.8999999999999999,0.85,14.0,0.1,0.0,1.5,0.30000000000000004,0.05,0.5333333333333333,192.0,24.0
278,416.6666666666667,79.33333333333333,0.7333333333333334,0.1,0.8,2.0,0.95,0.8999999999999999,0.85,14.0,0.1,0.0,1.5,0.30000000000000004,0.05,1.0,192.0,24.0
279,416.6666666666667,79.33333333333333,0.7333333333333334,0.1,0.8,2.0,0.85,0.8999999999999999,0.85,14.0,0.1,0.0,1.5,0.30000000000000004,0.05,1.0,192.0,24.0
280,416.6666666666667,79.33333333333333,0.7333333333333334,0.1,0.8,2.0,0.85,0.8999999999999999,0.85,14.0,0.1,0.06666666666666667,1.5,0.30000000000000004,0.05,1.0,192.0,24.0
281,416.6666666666667,79.33333333333333,0.7333333333333334,0.1,0.8,2.0,0.85,0.7,0.85,14.0,0.1,0.06666666666666667,1.5,0.30000000000000004,0.05,1.0,192.0,24.0
282,416.6666666666667,79.33333333333333,0.7333333333333334,0.1,0.8,2.0,0.85,0.7,0.85,14.0,0.7,0.06666666666666667,1.5,0.30000000000000004,0.05,1.0,192.0,24.0
283,416.6666666666667,79.33333333333333,0.7333333333333334,0.1,0.8,2.0,0.85,0.7,0.85,14.0,0.7,0.06666666666666667,1.5,0.1,0.05,1.0,192.0,24.0
284,416.6666666666667,79.33333333333333,0.7333333333333334,0.1,1.2,2.0,0.85,0.7,0.85,14.0,0.7,0.06666666666666667,1.5,0.1,0.05,1.0,192.0,24.0
285,416.6666666666667,56.66666666666667,0.8,0.1,1.2,2.0,0.8,0.7,0.95,20.0,0.1,0.0,2.0,0.4,0.05,0.5333333333333333,136.0,10.666666666666668
286,416.6666666666667,56.66666666666667,0.8,0.1,1.2,2.0,0.9,0.7,0.95,20.0,0.1,0.0,2.0,0.4,0.05,0.5333333333333333,136.0,10.666666666666668
287,416.6666666666667,56.66666666666667,0.8,0.1,1.2,2.0,0.9,0.7,0.95,8.0,0.1,0.0,2.0,0.4,0.05,0.5333333333333333,136.0,10.666666666666668
288,416.6666666666667,102.0,0.8,0.1,1.2,2.0,0.9,0.7,0.95,8.0,0.1,0.0,2.0,0.4,0.05,0.5333333333333333,136.0,10.666666666666668
289,550.0,102.0,0.8,0.1,1.2,2.0,0.9,0.7,0.95,8.0,0.1,0.0,2.0,0.4,0.05,0.5333333333333333,136.0,10.666666666666668
290,550.0,102.0,0.8,0.1,1.2,2.0,0.9,0.7,0.95,8.0,0.1,0.0,2.0,0.4,0.05,0.5333333333333333,136.0,24.0
291,550.0,102.0,0.6666666666666666,0.1,1.2,2.0,0.9,0.7,0.95,8.0,0.1,0.0,2.0,0.4,0.05,0.5333333333333333,136.0,24.0
292,550.0,102.0,0.6666666666666666,0.1,1.2,4.0,0.9,0.7,0.95,8.0,0.1,0.0,2.0,0.4,0.05,0.5333333333333333,136.0,24.0
293,550.0,102.0,0.6666666666666666,0.1,0.8,4.0,0.9,0.7,0.95,8.0,0.1,0.0,2.0,0.4,0.05,0.5333333333333333,136.0,24.0
294,550.0,102.0,0.6666666666666666,0.1,0.8,4.0,0.9,0.7,0.95,8.0,0.1,0.0,2.0,0.4,0.05,0.5333333333333333,24.0,24.0
295,550.0,102.0,0.6666666666666666,0.1,0.8,4.0,0.9,0.7,0.95,8.0,0.1,0.0,2.0,0.4,0.21666666666666667,0.5333333333333333,24.0,24.0
296,550.0,102.0,0.6666666666666666,0.1,0.8,4.0,0.9,0.7,0.95,8.0,0.1,0.0,2.0,0.2,0.21666666666666667,0.5333333333333333,24.0,24.0
297,550.0,102.0,0.6666666666666666,0.1,0.8,4.0,0.9,0.8999999999999999,0.95,8.0,0.1,0.0,2.0,0.2,0.21666666666666667,0.5333333333333333,24.0,24.0
298,550.0,102.0,0.6666666666666666,0.1,0.8,4.0,0.9,0.8999999999999999,0.95,8.0,0.7,0.0,2.0,0.2,0.21666666666666667,0.5333333333333333,24.0,24.0
299,550.0,102.0,0.6666666666666666,0.1,0.8,4.0,0.9,0.8999999999999999,0.95,8.0,0.7,0.06666666666666667,2.0,0.2,0.21666666666666667,0.5333333333333333,24.0,24.0
300,550.0,102.0,0.6666666666666666,0.1,0.8,4.0,0.9,0.8999999999999999,0.85,8.0,0.7,0.06666666666666667,2.0,0.2,0.21666666666666667,0.5333333333333333,24.0,24.0
301,550.0,102.0,0.6666666666666666,0.1,0.8,4.0,0.9,0.8999999999999999,0.85,8.0,0.7,0.06666666666666667,1.0,0.2,0.21666666666666667,0.5333333333333333,24.0,24.0
302,550.0,102.0,0.6666666666666666,0.2,0.8,4.0,0.9,0.8999999999999999,0.85,8.0,0.7,0.06666666666666667,1.0,0.2,0.21666666666666667,0.5333333333333333,24.0,24.0
303,550.0,102.0,0.6666666666666666,0.2,0.8,4.0,0.9,0.8999999999999999,0.85,8.0,0.7,0.06666666666666667,1.0,0.2,0.21666666666666667,1.0,24.0,24.0
304,483.3333333333333,79.33333333333333,0.8,0.2,0.8,4.0,0.95,0.7,0.95,2.0,0.7,0.0,2.0,0.2,0.3,0.5333333333333333,24.0,10.666666666666668
305,483.3333333333333,34.0,0.8,0.2,0.8,4.0,0.95,0.7,0.95,2.0,0.7,0.0,2.0,0.2,0.3,0.5333333333333333,24.0,10.666666666666668
306,483.3333333333333,34.0,0.8,0.2,0.8,4.0,0.95,0.7,0.95,2.0,0.7,0.0,2.0,0.2,0.13333333333333336,0.5333333333333333,24.0,10.666666666666668
307,483.3333333333333,34.0,0.8,0.2,0.8,4.0,0.95,0.7,0.95,2.0,0.7,0.0,2.0,0.4,0.13333333333333336,0.5333333333333333,24.0,10.666666666666668
308,483.3333333333333,34.0,0.8,0.2,0.8,4.0,0.85,0.7,0.95,2.0,0.7,0.0,2.0,0.4,0.13333333333333336,0.5333333333333333,24.0,10.666666666666668
309,483.3333333333333,34.0,0.8,0.2,0.8,4.0,0.85,0.7,0.95,2.0,0.7,0.06666666666666667,2.0,0.4,0.13333333333333336,0.5333333333333333,24.0,10.666666666666668
310,483.3333333333333,34.0,0.8,0.2,0.8,4.0,0.85,0.7,0.95,2.0,0.7,0.06666666666666667,2.0,0.4,0.13333333333333336,1.0,24.0,10.666666666666668
311,483.3333333333333,34.0,0.8,0.2,0.8,4.0,0.85,0.7,0.95,2.0,0.7,0.06666666666666667,2.0,0.4,0.13333333333333336,1.0,24.0,24.0
312,483.3333333333333,34.0,0.8,0.2,1.2,4.0,0.85,0.7,0.95,2.0,0.7,0.06666666666666667,2.0,0.4,0.13333333333333336,1.0,24.0,24.0
313,483.3333333333333,34.0,0.8,0.2,1.2,4.0,0.85,0.7,0.95,2.0,0.1,0.06666666666666667,2.0,0.4,0.13333333333333336,1.0,24.0,24.0
314,483.3333333333333,34.0,0.8,0.1,1.2,4.0,0.85,0.7,0.95,2.0,0.1,0.06666666666666667,2.0,0.4,0.13333333333333336,1.0,24.0,24.0
315,483.3333333333333,34.0,0.8,0.1,1.2,2.0,0.85,0.7,0.95,2.0,0.1,0.06666666666666667,2.0,0.4,0.13333333333333336,1.0,24.0,24.0
316,483.3333333333333,34.0,0.8,0.1,1.2,2.0,0.85,0.7,0.95,2.0,0.1,0.06666666666666667,1.0,0.4,0.13333333333333336,1.0,24.0,24.0
317,483.3333333333333,34.0,0.8,0.1,1.2,2.0,0.85,0.7,0.95,2.0,0.1,0.06666666666666667,1.0,0.4,0.13333333333333336,1.0,136.0,24.0
318,483.3333333333333,34.0,0.6666666666666666,0.1,1.2,2.0,0.85,0.7,0.95,2.0,0.1,0.06666666666666667,1.0,0.4,0.13333333333333336,1.0,136.0,24.0
319,483.3333333333333,34.0,0.6666666666666666,0.1,1.2,2.0,0.85,0.8999999999999999,0.95,2.0,0.1,0.06666666666666667,1.0,0.4,0.13333333333333336,1.0,136.0,24.0
320,483.3333333333333,34.0,0.6666666666666666,0.1,1.2,2.0,0.85,0.8999999999999999,0.85,2.0,0.1,0.06666666666666667,1.0,0.4,0.13333333333333336,1.0,136.0,24.0
321,483.3333333333333,34.0,0.6666666666666666,0.1,1.2,2.0,0.85,0.8999999999999999,0.85,14.0,0.1,0.06666666666666667,1.0,0.4,0.13333333333333336,1.0,136.0,24.0
322,350.0,34.0,0.6666666666666666,0.1,1.2,2.0,0.85,0.8999999999999999,0.85,14.0,0.1,0.06666666666666667,1.0,0.4,0.13333333333333336,1.0,136.0,24.0
323,550.0,79.33333333333333,0.7333333333333334,0.05,1.0,2.0,0.85,0.8999999999999999,0.9,8.0,0.1,0.03333333333333334,1.0,0.4,0.21666666666666667,0.7666666666666666,24.0,10.666666666666668
324,416.6666666666667,79.33333333333333,0.7333333333333334,0.05,1.0,2.0,0.85,0.8999999999999999,0.9,8.0,0.1,0.03333333333333334,1.0,0.4,0.21666666666666667,0.7666666666666666,24.0,10.666666666666668
325,416.6666666666667,79.33333333333333,0.7333333333333334,0.15000000000000002,1.0,2.0,0.85,0.8999999999999999,0.9,8.0,0.1,0.03333333333333334,1.0,0.4,0.21666666666666667,0.7666666666666666,24.0,10.666666666666668
326,416.6666666666667,79.33333333333333,0.7333333333333334,0.15000000000000002,1.0,2.0,0.85,0.8999999999999999,0.9,8.0,0.1,0.03333333333333334,1.0,0.4,0.21666666666666667,0.7666666666666666,136.0,10.666666666666668
327,416.6666666666667,34.0,0.7333333333333334,0.15000000000000002,1.0,2.0,0.85,0.8999999999999999,0.9,8.0,0.1,0.03333333333333334,1.0,0.4,0.21666666666666667,0.7666666666666666,136.0,10.666666666666668
328,416.6666666666667,34.0,0.7333333333333334,0.15000000000000002,1.0,2.0,0.85,0.8999999999999999,0.9,8.0,0.1,0.03333333333333334,1.0,0.4,0.05,0.7666666666666666,136.0,10.666666666666668
329,416.6666666666667,34.0,0.7333333333333334,0.15000000000000002,1.0,2.0,0.85,0.8999999999999999,0.9,8.0,0.1,0.03333333333333334,1.0,0.4,0.05,0.7666666666666666,136.0,24.0
330,416.6666666666667,34.0,0.7333333333333334,0.15000000000000002,1.0,4.0,0.85,0.8999999999999999,0.9,8.0,0.1,0.03333333333333334,1.0,0.4,0.05,0.7666666666666666,136.0,24.0
331,416.6666666666667,34.0,0.7333333333333334,0.15000000000000002,1.0,4.0,0.85,0.8999999999999999,0.9,8.0,0.1,0.03333333333333334,1.0,0.2,0.05,0.7666666666666666,136.0,24.0
332,416.6666666666667,34.0,0.7333333333333334,0.15000000000000002,1.0,4.0,0.85,0.8999999999999999,1.0,8.0,0.1,0.03333333333333334,1.0,0.2,0.05,0.7666666666666666,136.0,24.0
333,416.6666666666667,34.0,0.7333333333333334,0.15000000000000002,1.0,4.0,0.85,0.7,1.0,8.0,0.1,0.03333333333333334,1.0,0.2,0.05,0.7666666666666666,136.0,24.0
334,416.6666666666667,34.0,0.7333333333333334,0.15000000000000002,1.0,4.0,0.85,0.7,1.0,8.0,0.1,0.03333333333333334,2.0,0.2,0.05,0.7666666666666666,136.0,24.0
335,416.6666666666667,34.0,0.7333333333333334,0.15000000000000002,1.0,4.0,0.85,0.7,1.0,8.0,0.7,0.03333333333333334,2.0,0.2,0.05,0.7666666666666666,136.0,24.0
336,416.6666666666667,34.0,0.7333333333333334,0.15000000000000002,0.6,4.0,0.85,0.7,1.0,8.0,0.7,0.03333333333333334,2.0,0.2,0.05,0.7666666666666666,136.0,24.0
337,416.6666666666667,34.0,0.7333333333333334,0.15000000000000002,0.6,4.0,0.85,0.7,1.0,8.0,0.7,0.03333333333333334,2.0,0.2,0.05,0.3,136.0,24.0
338,416.6666666666667,34.0,0.6,0.15000000000000002,0.6,4.0,0.85,0.7,1.0,8.0,0.7,0.03333333333333334,2.0,0.2,0.05,0.3,136.0,24.0
339,416.6666666666667,34.0,0.6,0.15000000000000002,0.6,4.0,0.85,0.7,1.0,20.0,0.7,0.03333333333333334,2.0,0.2,0.05,0.3,136.0,24.0
340,416.6666666666667,34.0,0.6,0.15000000000000002,0.6,4.0,0.95,0.7,1.0,20.0,0.7,0.03333333333333334,2.0,0.2,0.05,0.3,136.0,24.0
341,416.6666666666667,34.0,0.6,0.15000000000000002,0.6,4.0,0.95,0.7,1.0,20.0,0.7,0.1,2.0,0.2,0.05,0.3,136.0,24.0
342,416.6666666666667,34.0,0.6,0.15000000000000002,0.8,3.0,0.8,0.7999999999999999,1.0,14.0,0.1,0.06666666666666667,0.5,0.2,0.3,0.5333333333333333,80.0,17.333333333333332
343,416.6666666666667,34.0,0.6,0.15000000000000002,1.2,3.0,0.8,0.7999999999999999,1.0,14.0,0.1,0.06666666666666667,0.5,0.2,0.3,0.5333333333333333,80.0,17.333333333333332
344,416.6666666666667,34.0,0.6,0.15000000000000002,1.2,3.0,0.8,0.7999999999999999,1.0,2.0,0.1,0.06666666666666667,0.5,0.2,0.3,0.5333333333333333,80.0,17.333333333333332
345,416.6666666666667,34.0,0.6,0.15000000000000002,1.2,3.0,0.8,0.7999999999999999,1.0,2.0,0.1,0.06666666666666667,0.5,0.2,0.3,0.5333333333333333,80.0,4.0
346,416.6666666666667,34.0,0.6,0.15000000000000002,1.2,3.0,0.8,0.7999999999999999,1.0,2.0,0.1,0.06666666666666667,1.5,0.2,0.3,0.5333333333333333,80.0,4.0
347,416.6666666666667,34.0,0.6,0.15000000000000002,1.2,3.0,0.8,1.0,1.0,2.0,0.1,0.06666666666666667,1.5,0.2,0.3,0.5333333333333333,80.0,4.0
348,416.6666666666667,34.0,0.6,0.15000000000000002,1.2,3.0,0.8,1.0,1.0,2.0,0.1,0.06666666666666667,1.5,0.2,0.3,1.0,80.0,4.0
349,416.6666666666667,34.0,0.6,0.15000000000000002,1.2,3.0,0.8,1.0,1.0,2.0,0.1,0.06666666666666667,1.5,0.2,0.13333333333333336,1.0,80.0,4.0
350,416.6666666666667,34.0,0.6,0.15000000000000002,1.2,3.0,0.8,1.0,0.9,2.0,0.1,0.06666666666666667,1.5,0.2,0.13333333333333336,1.0,80.0,4.0
351,550.0,34.0,0.6,0.15000000000000002,1.2,3.0,0.8,1.0,0.9,2.0,0.1,0.06666666666666667,1.5,0.2,0.13333333333333336,1.0,80.0,4.0
352,550.0,34.0,0.6,0.15000000000000002,1.2,3.0,0.8,1.0,0.9,2.0,0.1,0.0,1.5,0.2,0.13333333333333336,1.0,80.0,4.0
353,550.0,34.0,0.6,0.15000000000000002,1.2,5.0,0.8,1.0,0.9,2.0,0.1,0.0,1.5,0.2,0.13333333333333336,1.0,80.0,4.0
354,550.0,34.0,0.7333333333333334,0.15000000000000002,1.2,5.0,0.8,1.0,0.9,2.0,0.1,0.0,1.5,0.2,0.13333333333333336,1.0,80.0,4.0
355,550.0,34.0,0.7333333333333334,0.15000000000000002,1.2,5.0,0.8,1.0,0.9,2.0,0.1,0.0,1.5,0.4,0.13333333333333336,1.0,80.0,4.0
356,550.0,34.0,0.7333333333333334,0.05,1.2,5.0,0.8,1.0,0.9,2.0,0.1,0.0,1.5,0.4,0.13333333333333336,1.0,80.0,4.0
357,550.0,34.0,0.7333333333333334,0.05,1.2,5.0,0.8,1.0,0.9,2.0,0.7,0.0,1.5,0.4,0.13333333333333336,1.0,80.0,4.0
358,550.0,34.0,0.7333333333333334,0.05,1.2,5.0,0.8,1.0,0.9,2.0,0.7,0.0,1.5,0.4,0.13333333333333336,1.0,192.0,4.0
359,550.0,34.0,0.7333333333333334,0.05,1.2,5.0,0.9,1.0,0.9,2.0,0.7,0.0,1.5,0.4,0.13333333333333336,1.0,192.0,4.0
360,550.0,79.33333333333333,0.7333333333333334,0.05,1.2,5.0,0.9,1.0,0.9,2.0,0.7,0.0,1.5,0.4,0.13333333333333336,1.0,192.0,4.0
361,350.0,79.33333333333333,0.6666666666666666,0.05,1.0,5.0,0.95,0.7999999999999999,0.9,8.0,1.0,0.06666666666666667,2.0,0.30000000000000004,0.21666666666666667,0.5333333333333333,192.0,24.0
362,350.0,79.33333333333333,0.6666666666666666,0.05,1.0,5.0,0.85,0.7999999999999999,0.9,8.0,1.0,0.06666666666666667,2.0,0.30000000000000004,0.21666666666666667,0.5333333333333333,192.0,24.0
363,350.0,79.33333333333333,0.6666666666666666,0.05,1.0,5.0,0.85,1.0,0.9,8.0,1.0,0.06666666666666667,2.0,0.30000000000000004,0.21666666666666667,0.5333333333333333,192.0,24.0
364,483.3333333333333,79.33333333333333,0.6666666666666666,0.05,1.0,5.0,0.85,1.0,0.9,8.0,1.0,0.06666666666666667,2.0,0.30000000000000004,0.21666666666666667,0.5333333333333333,192.0,24.0
365,483.3333333333333,79.33333333333333,0.6666666666666666,0.05,1.0,5.0,0.85,1.0,0.9,8.0,1.0,0.06666666666666667,1.0,0.30000000000000004,0.21666666666666667,0.5333333333333333,192.0,24.0
366,483.3333333333333,79.33333333333333,0.6666666666666666,0.05,1.0,5.0,0.85,1.0,0.9,20.0,1.0,0.06666666666666667,1.0,0.30000000000000004,0.21666666666666667,0.5333333333333333,192.0,24.0
367,483.3333333333333,34.0,0.6666666666666666,0.05,1.0,5.0,0.85,1.0,0.9,20.0,1.0,0.06666666666666667,1.0,0.30000000000000004,0.21666666666666667,0.5333333333333333,192.0,24.0
368,483.3333333333333,34.0,0.6666666666666666,0.05,0.6,5.0,0.85,1.0,0.9,20.0,1.0,0.06666666666666667,1.0,0.30000000000000004,0.21666666666666667,0.5333333333333333,192.0,24.0
369,483.3333333333333,34.0,0.6666666666666666,0.05,0.6,3.0,0.85,1.0,0.9,20.0,1.0,0.06666666666666667,1.0,0.30000000000000004,0.21666666666666667,0.5333333333333333,192.0,24.0
370,483.3333333333333,34.0,0.6666666666666666,0.05,0.6,3.0,0.85,1.0,0.9,20.0,1.0,0.06666666666666667,1.0,0.30000000000000004,0.05,0.5333333333333333,192.0,24.0
371,483.3333333333333,34.0,0.6666666666666666,0.05,0.6,3.0,0.85,1.0,1.0,20.0,1.0,0.06666666666666667,1.0,0.30000000000000004,0.05,0.5333333333333333,192.0,24.0
372,483.3333333333333,34.0,0.6666666666666666,0.05,0.6,3.0,0.85,1.0,1.0,20.0,1.0,0.06666666666666667,1.0,0.30000000000000004,0.05,0.5333333333333333,192.0,10.666666666666668
373,483.3333333333333,34.0,0.6666666666666666,0.15000000000000002,0.6,3.0,0.85,1.0,1.0,20.0,1.0,0.06666666666666667,1.0,0.30000000000000004,0.05,0.5333333333333333,192.0,10.666666666666668
374,483.3333333333333,34.0,0.6666666666666666,0.15000000000000002,0.6,3.0,0.85,1.0,1.0,20.0,1.0,0.0,1.0,0.30000000000000004,0.05,0.5333333333333333,192.0,10.666666666666668
375,483.3333333333333,34.0,0.8,0.15000000000000002,0.6,3.0,0.85,1.0,1.0,20.0,1.0,0.0,1.0,0.30000000000000004,0.05,0.5333333333333333,192.0,10.666666666666668
376,483.3333333333333,34.0,0.8,0.15000000000000002,0.6,3.0,0.85,1.0,1.0,20.0,1.0,0.0,1.0,0.1,0.05,0.5333333333333333,192.0,10.666666666666668
377,483.3333333333333,34.0,0.8,0.15000000000000002,0.6,3.0,0.85,1.0,1.0,20.0,1.0,0.0,1.0,0.1,0.05,0.5333333333333333,80.0,10.666666666666668
378,483.3333333333333,34.0,0.8,0.15000000000000002,0.6,3.0,0.85,1.0,1.0,20.0,1.0,0.0,1.0,0.1,0.05,1.0,80.0,10.666666666666668
379,483.3333333333333,34.0,0.8,0.15000000000000002,0.6,3.0,0.85,1.0,1.0,20.0,0.4,0.0,1.0,0.1,0.05,1.0,80.0,10.666666666666668
