generation,n_finished,MeanStamina,NumGroups,Breakaways,MeanExposure,coop.alpha_mean,coop.alpha_std,coop.beta_mean,coop.beta_std,coop.gamma_mean,coop.gamma_std,coop.delta_mean,coop.delta_std,leave.alpha_mean,leave.alpha_std,leave.beta_mean,leave.beta_std,leave.gamma_mean,leave.gamma_std,leave.delta_mean,leave.delta_std,follow.alpha_mean,follow.alpha_std,follow.beta_mean,follow.beta_std,follow.gamma_mean,follow.gamma_std,follow.delta_mean,follow.delta_std,utility_mean,utility_std,utility_min,utility_max,utility_range
0,0,0.8870889864346259,6.827930174563591,19.950124688279303,0.19399666181446296,0.5124800462909321,0.10932563372173074,20.000661199566355,0.09480576493931353,1.0060738885319551,0.0843061402545768,-3.0202763869481983,0.10038911269591665,3.007332543286624,0.10841012156619698,-19.997934965733087,0.1043921713993432,0.0049898576958676425,0.09717181607146622,-0.0022818942226535965,0.09702980240864113,-20.00403699833724,0.09621462155661005,-0.0036645654195927896,0.11678224802900834,-0.011412883531617311,0.1037277898807168,0.010080341428539866,0.09367940541326007,0.0,0.0,0.0,0.0,0.0
1,0,0.8805691617022701,8.084788029925187,20.615960099750623,0.20434567210239454,0.5120031504993919,0.10413727984831714,19.99321657383648,0.09180847014654561,1.0075817563625444,0.08871686859101284,-3.0161350270804803,0.09334508237506026,3.0120565260514294,0.1105033898089272,-20.000058230932307,0.09965219849291006,-0.0032253585279055624,0.09423506222895689,-0.0063692362169818235,0.08196645637343207,-20.00379840749342,0.09162452047046386,-0.0042221036689064325,0.11242347266694568,-0.023428655785041996,0.09860269827472802,0.003436298188933078,0.08770834667367026,0.0,0.0,0.0,0.0,0.0
2,0,0.8874193212063839,7.423940149625935,20.394014962593516,0.20021680010506632,0.5120651203707229,0.09724629605237411,19.992769347453567,0.08600151422389875,1.0006708024132522,0.08304234789518827,-3.018267276773125,0.08812173594938251,3.01198457176642,0.10134631693476123,-19.999378623884102,0.09544922587637794,-0.008740799195038106,0.0887235908185395,-0.0002775766126130652,0.07539992629666267,-20.009691926817627,0.08738480018241952,0.0022460535645234658,0.1112176954053881,-0.0275896136369333,0.09304248906618691,0.001916693373531712,0.08228894181794599,0.0,0.0,0.0,0.0,0.0
3,0,0.8827286959309495,7.820448877805486,20.50623441396509,0.20299884977829377,0.517143017011786,0.09105145950631795,19.99163618869743,0.08058385987071257,0.9999815469734966,0.08190597274541324,-3.0225189676651616,0.0835834367848098,3.0057306134764863,0.09761094678935917,-19.99322291045021,0.09433931908711428,-0.011549788051701527,0.08427917601457424,0.000718153708954922,0.07031138247095152,-20.008236974534586,0.08848222618511321,-0.0003232424500375842,0.10605492722646324,-0.028467327883421413,0.08461952791123968,-0.002838899885733972,0.0805541053304983,0.0,0.0,0.0,0.0,0.0
4,0,0.8846940199721158,7.3915211970074814,20.356608478802993,0.2007007066622019,0.515202784486953,0.08489810890024131,19.99387426780177,0.07360472010278486,0.9898433569649323,0.07514117770815809,-3.019803861023191,0.07992540184200657,3.002319000052137,0.09247430925529916,-19.99103052556071,0.09297427966919825,-0.0179988016572904,0.07993022627913075,0.005078076043972757,0.06955755883131721,-20.00604445006489,0.08705617089821692,-0.0009237738447683031,0.10386350448893064,-0.02978192277281678,0.08256632756568096,0.0008335571177423815,0.07928021287261366,0.0,0.0,0.0,0.0,0.0
5,0,0.8865757056234399,7.366583541147132,20.374064837905237,0.199614078800602,0.5158488710934659,0.08440785507140451,19.99157469201221,0.07244694458971032,0.9888156540136346,0.0759764182904769,-3.024493000090496,0.07807306410433486,2.9987328721901965,0.08975016032853325,-19.996693699070903,0.08935959799163357,-0.02128818291568274,0.08088951894974744,0.008794744353981988,0.06948569507490739,-20.00593977631133,0.086377323951508,-0.004244525582982461,0.10429205417870105,-0.03425482415718512,0.08250442437116424,-0.0003049204702170471,0.0779083211515132,0.0,0.0,0.0,0.0,0.0
6,0,0.8875266318911424,7.311720698254364,20.199501246882793,0.19879699354231306,0.5131613095760716,0.07483186726339774,19.988712757818544,0.06894932044951244,0.987368147001091,0.07492272780694831,-3.0256044288676844,0.07539171642531461,3.0010977872545768,0.08693215228771213,-19.997315469782365,0.08819137560945314,-0.0194418361637763,0.07725826930598215,0.00856281691301516,0.06475003314054141,-20.001858598097858,0.08516904155086269,-0.009626698435939983,0.10376530752047015,-0.032129943473779024,0.0821529993464032,0.0009467256833042357,0.07560566621981837,0.0,0.0,0.0,0.0,0.0
7,0,0.8898833793874292,6.71072319201995,19.915211970074814,0.19582386360625217,0.512231145513976,0.07405645874385194,19.991661101373506,0.06721434628005249,0.9837593512440648,0.07371662992724207,-3.019945198380059,0.07099408648157772,3.000158792194393,0.0867405694420253,-19.99664775955184,0.09080800525418603,-0.01665788745192472,0.0780870570733171,0.007076909460223993,0.06478342504356807,-19.99910238713901,0.08319077190256532,-0.013619374894385188,0.09803813356164079,-0.034509348687918315,0.07764687757222449,0.0067784137975347904,0.07394322534654811,0.0,0.0,0.0,0.0,0.0
8,0,0.8862731235398839,8.019950124688279,20.049875311720697,0.20142104458545285,0.510712893922127,0.07581686592205159,19.992328169721322,0.06304382285680782,0.9785756698422584,0.07361739811220024,-3.017698209232323,0.07087571284703893,3.00222632070215,0.0847494017672439,-19.99707332186792,0.08876051283639788,-0.012977158316124315,0.07528348962865258,0.008546102289517868,0.06277244986922872,-20.003739266691166,0.08228563096319452,-0.00946941356308609,0.1025864864655654,-0.034456931758963326,0.07342490250473031,0.00668459276897366,0.07560409953091102,0.0,0.0,0.0,0.0,0.0
9,0,0.8817901197941148,7.945137157107232,20.369077306733168,0.20250858313188605,0.5141511022247715,0.07580890248981474,19.990100359831548,0.06438475360920595,0.9830895187286662,0.07486605158253266,-3.0210150408644134,0.06652246060497922,3.003709962320215,0.08980881279014327,-19.997098971105046,0.0851676020630762,-0.014719515531760163,0.07153355001413737,0.00916056249881409,0.06454458426919008,-20.005613712170344,0.08381218592698012,-0.01617766552252516,0.103801041959069,-0.040167624487792326,0.07404012903021251,0.004310364251177961,0.07595924297149587,0.0,0.0,0.0,0.0,0.0
10,0,0.8823703408436203,8.149625935162094,20.403990024937656,0.20462660466650345,0.5142874192717309,0.07284599817952161,19.99173579943148,0.06315084871948919,0.9829661247013197,0.07602042782476023,-3.0178671772441596,0.06562596772510519,3.000816928503249,0.09057687384491081,-19.998816342060394,0.08601497017067385,-0.016298343414948083,0.06842235263620751,0.0114604341226848,0.06400634088335357,-20.003008512020383,0.0873212732666728,-0.013786239775814831,0.10349696693400502,-0.03940023551273065,0.07420173965349981,0.004278014459216416,0.07648971614303358,0.0,0.0,0.0,0.0,0.0
11,0,0.8868706408491336,7.952618453865337,20.211970074812967,0.20081131831772378,0.5149234724370032,0.07527404276643627,19.992002574046424,0.06088192271452783,0.9846991116741086,0.07782092161461396,-3.016391114380513,0.06455468229698808,3.002342792847174,0.08998917375078419,-19.99625582857626,0.08396391952031602,-0.015458508789375321,0.07049320757408452,0.009120657286626484,0.06376037823411321,-20.008381300493035,0.08736198505114101,-0.017403351310606614,0.1020270034987197,-0.03882808320988534,0.07445321232662326,0.005285607395006656,0.07689808851767409,0.0,0.0,0.0,0.0,0.0
12,0,0.8852317649814333,8.007481296758105,20.364089775561098,0.20169445323784138,0.5136449482485763,0.07574363860022888,19.99100584860409,0.061821970756694516,0.9799550718492982,0.07329442358604445,-3.0178452321095004,0.0650528052607884,2.9995437844142803,0.08427782642208248,-19.996700274455403,0.0847264269739701,-0.020451183676323415,0.07527352649500188,0.013273882602105184,0.06300836961586025,-20.00893291452786,0.08309686405274312,-0.016219147703312148,0.1003911202009586,-0.038888359055676475,0.07222965970089812,0.008657281542717046,0.07499540957141636,0.0,0.0,0.0,0.0,0.0
13,0,0.8887564989063481,7.865336658354114,20.25935162094763,0.19947871241085038,0.5100180483448534,0.07897932734632965,19.985781337896075,0.06708594647119202,0.982316899682023,0.07497248469591423,-3.016660730667189,0.06402623158478368,3.002676250813734,0.08536431415536498,-19.997248497615523,0.0852262312310185,-0.015521119889233954,0.07387000560647562,0.009008777610007098,0.06232542117371132,-20.01087813309517,0.0839485707127034,-0.017815693040841237,0.09889460692728629,-0.04459382572531696,0.07672072161202703,0.0077410243885426035,0.07429655560415267,0.0,0.0,0.0,0.0,0.0
14,0,0.8865998137245623,7.685785536159601,20.189526184538654,0.2013166409346812,0.5110917214507589,0.08472283968445095,19.985696168626735,0.06595467076563213,0.9832362830436884,0.07877827769214106,-3.0131102356118653,0.06431286799152394,3.0058191873974787,0.08342727327989981,-19.994910024072812,0.08141629194683271,-0.009038870963914095,0.07642133411485773,0.007528327506948235,0.06130003974333375,-20.012703383524975,0.0817087586933101,-0.021980323984150226,0.09077715044391303,-0.0482313502394366,0.07783370901397756,0.0033898624183266563,0.07195131338957671,0.0,0.0,0.0,0.0,0.0
15,0,0.8849484256409555,7.822942643391521,20.2643391521197,0.20204612730823487,0.5116545796860841,0.0801776944660365,19.985105336737224,0.06803452720018396,0.986565898383257,0.07811004656255179,-3.0162699494586476,0.06387851160009837,3.0068511440743877,0.08384966765859134,-19.99136797091385,0.07979960577343703,-0.013118700893187113,0.0732328471967117,0.007619268407886379,0.06049406391115536,-20.011137407935262,0.08518752866912088,-0.021286282349169044,0.09108608395894856,-0.047759530366983216,0.08039252760929107,-0.002691830446438836,0.0714206752202307,0.0,0.0,0.0,0.0,0.0
16,0,0.8806179427558045,7.775561097256858,20.56359102244389,0.2061893264056677,0.5056159883101908,0.07648050628793886,19.980899628630457,0.0698420974485835,0.9847686975222465,0.07686893205030189,-3.016850665835109,0.06392060307608696,3.0142734388476993,0.08622621632474904,-19.99766544197123,0.07956559105685164,-0.013511473801101188,0.07511257915875882,0.007391112091352895,0.061795753581947596,-20.007189162187473,0.07790160720334259,-0.028436834102701865,0.09076844510981771,-0.05015344015768085,0.07290565934252262,0.00044995379167703454,0.0696501947173274,0.0,0.0,0.0,0.0,0.0
17,0,0.8866641672523415,7.204488778054863,20.271820448877804,0.19850835883355372,0.5020513891887989,0.0716253939268959,19.981181195496564,0.06691659239993941,0.9838721767383825,0.07551825580081627,-3.0163968018973764,0.06608097919734165,3.015626819210586,0.08806473034046337,-19.99395413330043,0.07905095358161293,-0.012841582942997505,0.07670926816847153,0.0056740914467864,0.06403537544973766,-20.007756106041107,0.0782797629400689,-0.02540470326934372,0.09218026430347326,-0.05130526400720212,0.07245874773696288,-0.002439925157682067,0.07139077201712786,0.0,0.0,0.0,0.0,0.0
18,0,0.8835549560675513,7.758104738154613,20.466334164588527,0.20024737042915206,0.5045099012870767,0.0745640180470697,19.976295389961326,0.06641624880712824,0.9828880872752337,0.07604746240214219,-3.019376722246749,0.06370922246017986,3.0125714414302562,0.0861208999773759,-19.998158326487143,0.07962798876598957,-0.010189034137876965,0.07521967424455725,0.008815322058081896,0.06377430131782234,-20.0096295714609,0.07615340741165283,-0.026376738770616442,0.08808055551433625,-0.05727348741827642,0.07075588236296054,0.0003544947745592683,0.07004423876301502,0.0,0.0,0.0,0.0,0.0
19,0,0.8900009453115908,6.805486284289277,20.18703241895262,0.19617633205944712,0.4994984252252441,0.07350517104561392,19.97546541557258,0.0699579488623487,0.979896665719832,0.07217989354821112,-3.019404267966568,0.06322948747932919,3.0083055034176724,0.08235094988140089,-19.992915462392517,0.08183683796898424,-0.011678053441089666,0.07604997836903928,0.008541800167491365,0.06541831874173168,-20.006844643789083,0.072872513574361,-0.020629688270089673,0.0890569293421628,-0.05649954445447029,0.07416712691987344,0.0010935900990632764,0.06829494883808125,0.0,0.0,0.0,0.0,0.0
20,0,0.8852687811564508,7.194513715710723,20.33416458852868,0.19844317423436195,0.49939823380133164,0.07413212210145177,19.98310313419025,0.06544708757738296,0.9727289347777512,0.0707356756732202,-3.0176764151037587,0.0652681584317654,3.0078903334613685,0.08045702194179653,-19.990358384817075,0.08092684881961015,-0.01820846630043184,0.08141310767727931,0.009026871997837362,0.06445143994170255,-20.004831736596092,0.0721509488268585,-0.022470914379622283,0.09079635835528954,-0.04795356568122028,0.0719748011337669,0.005788520692970639,0.069456940269143,0.0,0.0,0.0,0.0,0.0
21,0,0.8858486989753168,6.980049875311721,20.54862842892768,0.1989051438364279,0.498587050652253,0.0759222210180658,19.98348210780468,0.0652935055899138,0.971573117063094,0.07087461232699321,-3.016228381167279,0.06544103561053695,3.008545160633285,0.0756397991110085,-19.989447257211218,0.08422184487637974,-0.014165275681934705,0.08299157903217058,0.008324176905962814,0.06188723789514917,-20.006076650673506,0.07412431518379561,-0.024630488380232622,0.08730867579075287,-0.05008963066417291,0.0707930692736504,0.008292213000977834,0.06709783176229188,0.0,0.0,0.0,0.0,0.0
22,0,0.8856459904539096,7.471321695760598,20.23940149625935,0.1990934847248853,0.5007103319095854,0.07438730011646472,19.9789739117511,0.06377492187383935,0.9752856789156343,0.06962251738017011,-3.0168463838686885,0.06437344940026078,3.0095272443685657,0.07724529384378087,-19.99311534217362,0.08231740028871917,-0.013532979191668078,0.08148058312382755,0.009672124336585732,0.06198982734338379,-20.00988908774571,0.07265623165326128,-0.021142726026684988,0.09051289874172246,-0.05157152339403911,0.06976424991018566,0.005770271119479896,0.06880418463999172,0.0,0.0,0.0,0.0,0.0
23,0,0.8875645974846705,7.7007481296758105,20.291770573566083,0.1991234795041156,0.5022660524321267,0.07541137442217388,19.981119855011396,0.06263715711080203,0.9768652351465785,0.06844945309772814,-3.0150077823835386,0.06518003111319123,3.0062779221984606,0.07674470951019373,-19.989580392840235,0.08379575172461429,-0.01378918683999685,0.08414087358109663,0.009460321428343871,0.06210927013714391,-20.009363258775398,0.07470717091060455,-0.015346555265589987,0.08974350845472007,-0.04879066163662631,0.06894558564394293,0.0033982841978363017,0.06920518422008898,0.0,0.0,0.0,0.0,0.0
24,0,0.881764682047429,7.950124688279302,20.528678304239403,0.20300921219938203,0.49721559187813263,0.07562587470358895,19.980687176021593,0.06267136287792081,0.9752356074577346,0.06968115534202733,-3.0129782139759715,0.06628102944115014,3.0117522727205635,0.07914801980412185,-19.99068321111873,0.0822823071940855,-0.007593920128361844,0.08497695813439785,0.006753572755140645,0.06142940868996063,-20.011866264691275,0.06881645312826833,-0.015011459144179647,0.09180853848543154,-0.050440869500049605,0.06702687967223168,0.004025314232304087,0.06972249836858044,0.0,0.0,0.0,0.0,0.0
25,0,0.8854370829374144,7.70573566084788,20.30922693266833,0.20010812869955685,0.5000208329028658,0.07394794442756875,19.985627103056423,0.05622345063605185,0.9722016874162887,0.07176212924562686,-3.0125224226908442,0.06768884464780428,3.0120696490181897,0.08201697315967296,-19.991609699954108,0.08222485670765076,-0.007270866559696332,0.08544154370041135,0.007583299324060467,0.060611214717307314,-20.006640114814644,0.06567623344840672,-0.021591126841912795,0.09303198192824247,-0.049140846617072305,0.059950203038192096,0.005731372566045153,0.07360510583642181,0.0,0.0,0.0,0.0,0.0
26,0,0.88547048710331,7.29426433915212,20.23441396508728,0.19794157621475567,0.4984321715868692,0.07002835216366389,19.98613890772951,0.0563167686192654,0.9729571016408424,0.0720802802767797,-3.010469931216295,0.07003634588297374,3.016463114813025,0.08855202553632524,-19.989524367493743,0.08415417589998074,-0.009711554030109629,0.08734916565749662,0.004461572893961716,0.06238966155886498,-19.999901003162485,0.06895631267852054,-0.024918817576445453,0.09172972986332074,-0.04611242286691284,0.061537280215107217,0.0023218291141643014,0.07242875136275088,0.0,0.0,0.0,0.0,0.0
27,0,0.8861065996995015,7.748129675810474,20.2643391521197,0.2007712247299393,0.49577677414559485,0.06980343432119385,19.98449524428811,0.060143646769970395,0.9741302497583787,0.07043216620988092,-3.011745288603502,0.0706251384052317,3.015543882618401,0.08810957270021764,-19.99200246410137,0.08484694786859669,-0.010401909735860939,0.08268117817376232,0.005314919827807928,0.059406906051254406,-20.00027227730205,0.06923513447190933,-0.022886163310069894,0.09155573466512966,-0.047746510679120814,0.061846736361032065,0.001329591988920962,0.0717113929077115,0.0,0.0,0.0,0.0,0.0
28,0,0.884420230954732,7.531172069825437,20.389027431421447,0.20057220784235535,0.5043731150991528,0.0723038905825114,19.98546330782934,0.058806154870442856,0.9756459387888293,0.06943232980511649,-3.0185914421351483,0.06747199787141776,3.0085874860136683,0.08101746143190021,-19.992556863878352,0.08315912271586334,-0.02062412343896447,0.07935866376369452,0.010045083755994668,0.061119808525158956,-20.000921250124392,0.07193588424665612,-0.021385636185358704,0.09211988772676552,-0.0499815703013077,0.0630715405997661,0.0015980700119101027,0.07103115704378912,0.0,0.0,0.0,0.0,0.0
29,0,0.8809846329752463,7.855361596009975,20.518703241895263,0.20249070708963376,0.5083473575361178,0.07423914870440508,19.98205346283057,0.060744575140492675,0.978374438936469,0.07191666509289839,-3.0189154370688227,0.06475288122848685,3.012008105903832,0.07493813189948975,-19.993108313149968,0.08007449024847459,-0.02438782826374429,0.07719635326819425,0.010739168966352273,0.05969590427945283,-20.003444309215222,0.07254114734779975,-0.0215558965323994,0.08983001612653355,-0.05372299022301894,0.0647705710285965,-0.000778507093044132,0.07041632820579838,0.0,0.0,0.0,0.0,0.0
30,0,0.8853704563945399,7.693266832917706,20.369077306733168,0.20105733586708227,0.5093409643120189,0.0737336562666986,19.9826504755468,0.05793838271495533,0.9791330849098588,0.07101130196919547,-3.0197267391601197,0.06248988316793697,3.0140267463127195,0.0732017126452825,-19.99696119977379,0.08053528818381658,-0.022248602684757725,0.0767090661336173,0.01140413555680128,0.0591294430946982,-20.006042174492915,0.06985189948244719,-0.024383697822009366,0.08824690980793015,-0.05461558437128137,0.06389324999843803,0.00015815759271777736,0.06820114475299434,0.0,0.0,0.0,0.0,0.0
31,0,0.8835032949877161,7.673316708229426,20.51620947630923,0.2020125226478524,0.5123503518413807,0.07281443545026402,19.984779434129937,0.05324463706951368,0.9785655382363954,0.07042973860275724,-3.015089215290994,0.06292281124563583,3.015233655730077,0.07602243520796348,-19.991296819924386,0.0823528329168271,-0.023283075895981935,0.07869558345168347,0.010478485316263402,0.059649736350336255,-20.005064182236303,0.0732270206308945,-0.027466742754678513,0.0862842540278685,-0.04915883390061759,0.062248988942744506,0.0023946607033801526,0.0686069068554583,0.0,0.0,0.0,0.0,0.0
32,0,0.8830666465640132,8.501246882793017,20.32418952618454,0.20407973468668536,0.5074693258156524,0.07473113742793716,19.982380834533274,0.05704169611619489,0.9790810705998604,0.07017135553799066,-3.014759855111911,0.06387457543919155,3.015780719157208,0.07812177202448073,-19.99098991753946,0.0825402388758275,-0.01943320863795755,0.08136682025456576,0.007607936831130445,0.06032587674613729,-20.00603221589441,0.07258911383342215,-0.024205663110006506,0.08578388442830086,-0.05123761442601273,0.06424073570497216,0.00028849345060730865,0.06757705483990514,0.0,0.0,0.0,0.0,0.0
33,0,0.8835057526082971,8.231920199501246,20.481296758104737,0.20463102640773975,0.5076229544645375,0.07449428756129324,19.979339636600937,0.059866342201470524,0.9797890966086968,0.06870050849612526,-3.0191483223358877,0.0648202857969862,3.0097166974360707,0.0787487550582779,-19.992950349549954,0.08256427212893441,-0.022200489127713587,0.08247009262867475,0.009148961402260668,0.06110239617655565,-20.008045071845252,0.07222370178423759,-0.017923111273965626,0.08996584256669969,-0.053453108139056904,0.06390050905649983,-0.0009257764288350953,0.06748541187277364,0.0,0.0,0.0,0.0,0.0
34,0,0.8847031663930679,7.3740648379052365,20.371571072319203,0.2008863913127454,0.5048695505013848,0.07307146022748608,19.979684344051087,0.05801442122003854,0.9747336975261411,0.06897189251484039,-3.0204885910931796,0.06226398115886642,3.005028716672373,0.0755488232200935,-19.995921299063646,0.08056674816704973,-0.023450589993158705,0.08541335874376108,0.010701730264329107,0.06213161712146753,-20.005384697248903,0.06959040495506001,-0.016498733291757873,0.08797003229262959,-0.05303266166042776,0.06308790768842218,-0.0007224022750527743,0.06289972710735946,0.0,0.0,0.0,0.0,0.0
35,0,0.8867388584126843,7.526184538653367,20.261845386533665,0.20005250875849334,0.5012675989497202,0.07224600107578283,19.98065457504378,0.05917105360846913,0.9777407445609073,0.0721837176765748,-3.0167470288742746,0.0609072309272229,3.006629565398893,0.08244969146056223,-19.993383461533217,0.08606738328772727,-0.016088602801414505,0.08061468061881624,0.006440219361261859,0.06347531729116136,-20.004443762407032,0.07426250282833065,-0.020624606861280467,0.08916555420019032,-0.05058067893226073,0.068039074392166,-0.005587412803205298,0.06350458285476543,0.0,0.0,0.0,0.0,0.0
36,0,0.883134827450504,8.064837905236908,20.384039900249377,0.20073375502517052,0.4970013465248579,0.06688012429616556,19.978511976407876,0.0614685822136969,0.9752409703819979,0.06817245781960733,-3.0160422999690946,0.059450393165435725,3.002817346086979,0.07928113977134373,-19.996036572688666,0.08588588383588956,-0.018781642011552056,0.07936605239415165,0.005444663895144728,0.06125965527858928,-19.99615669533094,0.07106310422463626,-0.030841394569324034,0.08597851441111228,-0.049569137791840974,0.06767454088132675,-0.0011294952859333498,0.06032024583970779,0.0,0.0,0.0,0.0,0.0
37,0,0.8848766765884092,7.975062344139651,20.31920199501247,0.19857312359065307,0.4952396712661355,0.06494782489748767,19.97759420473619,0.0625924827175798,0.9697754739749814,0.06691601752369097,-3.0163829140739438,0.059635438293500966,3.0022153832173157,0.07742837870662872,-19.999321163520023,0.0881725078953666,-0.014675140626394427,0.07707293411847162,0.004962557290277744,0.059703664829773025,-19.9984181576503,0.07104514560680783,-0.029868641445874086,0.08919656485985285,-0.04915192689729777,0.06911642033823731,-0.00036668136132348854,0.06100331898419199,0.0,0.0,0.0,0.0,0.0
38,0,0.8859233765147183,7.084788029925187,20.438902743142144,0.19832868119269714,0.49448728004166237,0.06449531849617123,19.973356485484565,0.06448153873173484,0.968886025979798,0.06353864907818153,-3.020144783697677,0.060490847967696916,3.0009556482152946,0.07639520914959572,-20.001958154002132,0.08607610491715016,-0.01622478483517688,0.0760577554980439,0.005299300943955196,0.059906509583303756,-19.999368327075718,0.06861530434863079,-0.024817620457859943,0.0922806039511504,-0.05064205495819108,0.06990756548868621,-0.0029834528319664082,0.060449359511580016,0.0,0.0,0.0,0.0,0.0
39,0,0.8843145264204276,7.508728179551122,20.286783042394013,0.20071226681659857,0.4954971561714912,0.07012251168956211,19.976663721511958,0.060499313198298876,0.969864995647945,0.06655207063760477,-3.0177602170042226,0.06107955813950901,3.0028414732072926,0.08089652634873855,-20.00616462117434,0.08742164862809276,-0.0075387218010143165,0.07282572000986326,0.004018970292458981,0.06161236117661883,-19.999654177420833,0.07310952734219345,-0.021620383807963356,0.0912840970763346,-0.05125078080703367,0.06695665422736613,-0.0052025106546655965,0.060124421834143994,0.0,0.0,0.0,0.0,0.0
40,0,0.8865467237442695,7.758104738154613,20.211970074812967,0.20207688950196714,0.4903221615438714,0.07312393052453095,19.97457553478328,0.061301109149957816,0.9719750718169865,0.07241273236588862,-3.012924928731246,0.060502080843560346,3.0066937190633736,0.08067715248561998,-20.00408973173848,0.08491784535612491,0.00024165505020018956,0.07353548888586804,-0.0006161858035527393,0.059581465665235644,-20.002764554991522,0.07250976822548102,-0.023105072745904072,0.08778186264224044,-0.055334896122175015,0.06851309848137278,-0.0022240006986746557,0.059130279298085606,0.0,0.0,0.0,0.0,0.0
41,0,0.8895561404283892,7.501246882793017,19.997506234413965,0.19874028978147124,0.49176445643295674,0.07477315070218842,19.974503495980105,0.06208648475139207,0.9697537378151272,0.07247173609507672,-3.0144557463360746,0.06380092779139522,3.0029485304272527,0.0828365039005033,-20.008228175494914,0.0876387647619646,0.000490316513906741,0.07345565737244772,0.002261382438772382,0.06370770677253192,-20.000322330348812,0.07533097122857131,-0.021621718524199193,0.09126188514433356,-0.056253153065641465,0.06892243863228444,-0.001961971641809205,0.06148799603005928,0.0,0.0,0.0,0.0,0.0
42,0,0.8842959867288592,7.927680798004988,20.251870324189525,0.2027377223948602,0.4905646580190792,0.07660020415870798,19.972914520286043,0.06337979468176463,0.9662738423566316,0.07186936885602914,-3.0141255284082717,0.06351161383713956,3.0033278525339218,0.07590556427053186,-20.006558803062525,0.08691462089406903,-0.00550967500204272,0.07768283698673167,0.0032957439386400835,0.06180155321020694,-19.999628144487364,0.07560825185482006,-0.02248704184105086,0.0859259948474795,-0.05955352309054716,0.06963337102568251,0.002170283489629218,0.060653105972233626,0.0,0.0,0.0,0.0,0.0
43,0,0.8874634421279639,7.778054862842893,20.17705735660848,0.2015888640157092,0.49616593069154147,0.07442321856969608,19.973186139410153,0.06263242235501384,0.9681617073458627,0.06949687835325215,-3.014505816757474,0.06218915916112235,3.000957586354118,0.0760214233544714,-20.007628130364033,0.08766017855297126,-0.010132674210489695,0.075056673398885,0.004766239384833321,0.06293099168640667,-19.99653591239312,0.0771345898788868,-0.019319800104086116,0.08442445259193955,-0.05845254067937942,0.06729081811762001,-0.00038867179680828975,0.060247364941866145,0.0,0.0,0.0,0.0,0.0
44,0,0.8854878061944843,8.184538653366584,20.226932668329177,0.20034498638054526,0.4975863721547856,0.0741290384976368,19.976649919765997,0.05922770853060644,0.9661587419214198,0.07066668150718497,-3.012370365071192,0.06446792309759819,3.001331605647529,0.07778999635641196,-20.003111006281298,0.08898547335485811,-0.009380634616198487,0.07690358870080967,0.007309937166769015,0.06428190032341437,-19.995530132496373,0.07921520746804953,-0.021774245655072116,0.08310010672545225,-0.051610513471613155,0.06745437343563088,0.00036154128650898326,0.06012456362565885,0.0,0.0,0.0,0.0,0.0
45,0,0.8886402790587807,7.690773067331671,20.02992518703242,0.19969094770094578,0.49630658213483336,0.07269979159820292,19.97542289343061,0.058762189638329125,0.9649186506304861,0.07073974552842054,-3.0111779412551445,0.06386578381523174,3.001772885907659,0.08015946442276145,-20.007315300806678,0.08584581114342017,-0.01302873683601131,0.07877035389546871,0.006951035499614977,0.0625533990468071,-19.997052504686504,0.07374283685578356,-0.019924639133376887,0.08659172846701553,-0.04955567002242174,0.06644063477048566,-0.0012655484942755927,0.06128302418490985,0.0,0.0,0.0,0.0,0.0
46,0,0.8867631206995796,7.850374064837905,20.466334164588527,0.2006957427200815,0.4937728543039947,0.07019187820093106,19.97993501785233,0.059869835235958985,0.9616847762597892,0.07262668757452814,-3.0102792367187594,0.06485938170723257,3.0059515226412463,0.08241454539215325,-20.007626976420795,0.08313015525228343,-0.017593333544863973,0.08177184842246749,0.0061099608846101276,0.06312749692702012,-19.994937668259745,0.0728882250665834,-0.0255423122583128,0.08581154300489113,-0.0462185214571308,0.06642492099958587,0.0019618862098718056,0.06217536617845662,0.0,0.0,0.0,0.0,0.0
47,0,0.8872437726723095,7.551122194513716,20.286783042394013,0.19724337139802992,0.4970539779610271,0.06994835635657114,19.981369819047284,0.06162030563145621,0.9638326203984797,0.07124603455615003,-3.0185152932080284,0.06711685049143193,3.0034280094940176,0.08126647934228665,-20.00916090130764,0.07873995396884854,-0.027483105892429752,0.08437026157350395,0.01106456460385145,0.06382660961355711,-19.996416134230735,0.07293898960270735,-0.022627692400730048,0.08450075847335185,-0.048564474375351684,0.06390901991536059,0.0008201161052019488,0.06157757487559312,0.0,0.0,0.0,0.0,0.0
48,0,0.8780973170978381,8.147132169576059,20.802992518703242,0.20693065522652182,0.5035595564838913,0.07190934082605137,19.98012400226216,0.06271207169657673,0.9726954828406733,0.06975077751909417,-3.023713862605272,0.06347392692697441,2.998561712826073,0.07917194523324497,-20.00385675736732,0.08402481933702757,-0.030567760467912056,0.08018383949338773,0.014183687430826588,0.06707810381158633,-20.001636093118005,0.07784148591230451,-0.015733990883819396,0.0856762684028996,-0.051000643361030544,0.06719032735162878,-0.0069491463211086325,0.06169951834865784,0.0,0.0,0.0,0.0,0.0
49,0,0.8791058283650092,8.206982543640898,20.723192019950126,0.20565660787760606,0.5035478171541727,0.06985513720001899,19.974413170890454,0.0634324912697628,0.9762052452404634,0.06736730154481632,-3.0245619511583115,0.06311062851937607,2.9974685008074906,0.07871137766208648,-20.00501211173588,0.08179222026327156,-0.034731043569389344,0.07816195743114837,0.01722096585167873,0.06838309513230804,-19.998584723728882,0.07734334177988543,-0.015212971158806923,0.08688632202104724,-0.052413293219394884,0.06888123524289747,-0.007726623299379916,0.06146895616841716,0.0,0.0,0.0,0.0,0.0
50,0,0.8840847883975195,7.466334164588528,20.134663341645886,0.20028451435811942,0.497642509336001,0.06809048263565672,19.977851679056084,0.058777351509823904,0.9722320501256297,0.06455150692513925,-3.0220494190122573,0.06433615713964894,2.9985508853070795,0.08075965296498028,-20.00063980073987,0.07995610424879497,-0.026218887206328964,0.08080812112061168,0.014633418347895718,0.06709344943559624,-20.00320743280256,0.07389384068758677,-0.010654934425378315,0.09057774505779145,-0.047932440041835285,0.06457345051439368,-0.009138467634169404,0.06525447251421555,0.0,0.0,0.0,0.0,0.0
51,0,0.8815509176662916,7.872817955112219,20.586034912718205,0.2030716737586263,0.5008384381988633,0.06800418942636303,19.975222843602328,0.06320907092929817,0.9749224659626288,0.06578650236041664,-3.024759674977881,0.06305591967969802,2.9968152856164108,0.07988661544435717,-20.003237814391674,0.08014123465859042,-0.02551413972494248,0.07616446551911464,0.014516980802147797,0.06471587336006064,-20.00183877385295,0.07621669250348805,-0.012830575566075458,0.09033236883341263,-0.051444643541661145,0.06746834419402332,-0.00985533315831472,0.06100746183339534,0.0,0.0,0.0,0.0,0.0
52,0,0.8897528427865977,7.895261845386534,20.039900249376558,0.19805649364751515,0.4998177817172025,0.06699449041043794,19.972674505067523,0.06559988794616793,0.9762303260673061,0.06622950297621046,-3.0247777295794385,0.0643080386792796,2.997411163001089,0.0804597448127457,-20.003330715255103,0.07905389748911401,-0.026126173269430942,0.07459443270825142,0.012551120550165933,0.0626428951397058,-20.004142633229975,0.07516307984650077,-0.013817103670332452,0.09274654036240669,-0.05137437107093765,0.07119976138910401,-0.010721239573386497,0.06087778591206412,0.0,0.0,0.0,0.0,0.0
53,0,0.8820753271999016,8.114713216957606,20.561097256857856,0.20344548799216006,0.5006988899686996,0.07285736742862994,19.973352901938874,0.06526725358791421,0.9755033143566875,0.0678833350779031,-3.026328554662352,0.0672373210097494,2.9992214840509157,0.08020615805251947,-20.002800255618716,0.077087248337694,-0.02589321925196643,0.07870401517097297,0.011457969896455946,0.061695844003994256,-20.006044755023396,0.07417096952461691,-0.013735917377976671,0.09042444621556534,-0.054821417540426146,0.07139519298442658,-0.008537264581486896,0.05985868338264001,0.0,0.0,0.0,0.0,0.0
54,0,0.8857296904870681,7.920199501246882,20.174563591022444,0.20084328460494935,0.4984062567470216,0.07474393557208842,19.969475530851362,0.06663127310654782,0.9772475943736074,0.06742385989578244,-3.0269046189679303,0.0678604651102306,2.9997503245934243,0.07804939499182559,-20.00051406294264,0.07473610807127681,-0.02165574072722841,0.08193771089992424,0.009892663456455784,0.0611744054675826,-20.013039156184526,0.06873314655221806,-0.009602352054190952,0.08901608069498952,-0.0578050582154111,0.07096772842586,-0.011393657751144063,0.06062238202937149,0.0,0.0,0.0,0.0,0.0
55,0,0.8883887802299045,7.688279301745636,20.06733167082294,0.2000637262029993,0.5002923435258482,0.07545846607426165,19.973504084822924,0.060435397032752095,0.9758370086152829,0.06997634163866233,-3.025053213221563,0.06813396164519597,2.999386833811948,0.0807335883649536,-20.00361635044733,0.07814830331215371,-0.01761227386723959,0.08164738784927815,0.01215113087839361,0.06366061113334319,-20.008477490514455,0.0729841385524891,-0.014382515151002568,0.09069997510875148,-0.05588766753477877,0.06569241099922672,-0.00924071891302462,0.06144872519847342,0.0,0.0,0.0,0.0,0.0
56,0,0.888841410764247,7.3740648379052365,20.189526184538654,0.19839179238234916,0.4959604833689672,0.07697384400885994,19.975097107698307,0.056187754096824666,0.9729251873729555,0.07157908271714977,-3.0192125288724707,0.07047269009415018,3.006245313478197,0.08458867134443722,-20.002099066092207,0.07823872239496868,-0.010623428539901666,0.08471613601930172,0.010483621157482569,0.06452660544664528,-20.007585056015074,0.06656526006529198,-0.015229576809378541,0.09347770134909197,-0.05487490732950902,0.0635384089549289,-0.00813616748428512,0.06318828063088806,0.0,0.0,0.0,0.0,0.0
57,0,0.8822587258074235,7.905236907730673,20.438902743142144,0.20318446454185715,0.4919467417349863,0.07479690738934379,19.979010112252546,0.057897429433389574,0.9683344099158269,0.0732760048908325,-3.017320236695641,0.07028737660148134,3.0071150710460985,0.08563934317435723,-19.997535661028103,0.0785455322732672,-0.01324912837093568,0.08782114216379662,0.007766145669006714,0.06239038309586927,-20.00566573298607,0.0669524999380926,-0.020688270882056867,0.0928792599191113,-0.05119695116322339,0.06497851770615741,-0.003485969509416953,0.062586121870524,0.0,0.0,0.0,0.0,0.0
58,0,0.8813915630886796,8.321695760598503,20.296758104738153,0.20414600427312274,0.49421958106186364,0.07405207671859343,19.976199994204105,0.05841178503484938,0.9701827526092485,0.0727907728204561,-3.017890035621201,0.06967546444852607,3.004681397628845,0.08474151022962473,-19.99803433577697,0.07771463677786937,-0.013271566661594712,0.08330231552224475,0.007213681137365239,0.06189692975837013,-20.007876637608717,0.06755913952283443,-0.018342965790867975,0.09244195830582846,-0.05216836825678104,0.06676316628752633,-0.007472923234845684,0.06372385602565184,0.0,0.0,0.0,0.0,0.0
59,0,0.885746548451543,7.381546134663342,20.33416458852868,0.1999206638197719,0.4982006402920843,0.07553558164711163,19.975649429810357,0.057603908735515325,0.9725853811416808,0.07439312314808261,-3.0205232879618635,0.06984572384445818,3.005319072956609,0.08438543300443418,-20.004141019311724,0.07707852364785649,-0.013721792406506906,0.07988147575528855,0.011061523115927181,0.0633057391832256,-20.006483834220738,0.0692144428610547,-0.020598799395675514,0.09279414419488483,-0.05632036678164297,0.06558021705410808,-0.008144382475045682,0.06323418480985653,0.0,0.0,0.0,0.0,0.0
60,0,0.8832229756613947,7.301745635910224,20.576059850374065,0.20238660015193716,0.4921860317474267,0.07202329950917863,19.973268386805213,0.06296120238717073,0.9706771364434857,0.07194929302384209,-3.0196002386010363,0.07038239598637848,3.005408121371862,0.08276090551302141,-20.00610110355235,0.07939277006740987,-0.014322220663899755,0.07710819963402255,0.009155324492287942,0.061696279393109905,-20.00136130170595,0.07097721154508706,-0.024967085515380075,0.09025451850923473,-0.05524451248398461,0.071011712913372,-0.004303132854307046,0.06241228338922683,0.0,0.0,0.0,0.0,0.0
61,0,0.8867773429654654,7.798004987531172,20.084788029925186,0.19870374545977085,0.48949563131266105,0.07163561035625263,19.974737403737226,0.06034517804489899,0.9680129764586031,0.07264663824218617,-3.017141870930973,0.07021498002241094,3.0054286408776774,0.08164949530811846,-20.00471672766256,0.08153097179635287,-0.008980739809425542,0.07825781536704542,0.007756559006465992,0.06030995956204502,-20.001240157863332,0.07198214788350425,-0.019757205432311416,0.09001999725017958,-0.054698234055173905,0.06920005162196208,-0.006023782999684272,0.06258182031131831,0.0,0.0,0.0,0.0,0.0
62,0,0.8875266879325925,7.6633416458852865,20.134663341645886,0.19862951633532988,0.49226711853248817,0.06910332083746235,19.97281559167553,0.06234578859926875,0.9707149777711851,0.07398018200558154,-3.020101835216038,0.06594930548332617,3.0068031045434425,0.08205251084174219,-20.007075765803883,0.08127030272168344,-0.014047205588013348,0.07607062465350732,0.009710660118540451,0.06149029797886767,-20.0000836672171,0.07190905799172778,-0.027339933844949416,0.08609271309099427,-0.05325717601171298,0.07143162556649567,-0.005761971621923753,0.06094635483810346,0.0,0.0,0.0,0.0,0.0
63,0,0.8866618477966507,7.3740648379052365,20.443890274314214,0.20083663530202478,0.4907042170265303,0.07061168419343171,19.972130304913097,0.06625963294974417,0.9714987627964257,0.07724109693813201,-3.019260818937857,0.06743037769937804,3.0071170274775265,0.08432332453724889,-20.007283198071622,0.08500974113734952,-0.015051045758592873,0.07685689538207464,0.008509395259486303,0.06071014598567705,-19.997996735312068,0.07562900857440616,-0.02853119212302695,0.08595207558177786,-0.05256045223587616,0.07521859599959545,-0.004546115356210784,0.062167699225642595,0.0,0.0,0.0,0.0,0.0
64,0,0.886101156915399,7.27431421446384,20.122194513715712,0.1978161908905743,0.4942466687851681,0.07201140848143785,19.973219711762383,0.06378557408518444,0.9718435800932356,0.075950307648731,-3.01579715579174,0.06308850252977372,3.0083738796258186,0.08006650061796566,-20.00275645014732,0.08286245066957344,-0.01645767143818384,0.07264526456211554,0.008817098167542772,0.05961002897152045,-20.00174175337767,0.07291793958009339,-0.027432846656891125,0.08683795857665534,-0.05232716500479211,0.07243719596378073,-0.003176573668761518,0.06151288325237593,0.0,0.0,0.0,0.0,0.0
65,0,0.8852010729871338,7.508728179551122,20.27930174563591,0.1985685128262262,0.4951539768741643,0.0775845272981697,19.97172336232291,0.06506219043872362,0.9738382823382926,0.07935808666019996,-3.0150248551694854,0.0629768612661096,3.0084162007581954,0.07915532228641702,-20.000354170739953,0.08444081121219044,-0.012406408351728225,0.07621977026608535,0.010173898107099096,0.06178270948397822,-20.003465100399264,0.07267519542325357,-0.027595841892120672,0.08218885345843159,-0.054967177009460286,0.07397567247538028,-0.0033025919335131567,0.060344420046279816,0.0,0.0,0.0,0.0,0.0
66,0,0.8837114403719855,7.456359102244389,20.538653366583542,0.20017933991476836,0.49818769603393936,0.07643283212353506,19.97115853760827,0.06680144119344238,0.9746525328204708,0.0768038519499655,-3.017468608351972,0.06222181382819597,3.003344840949051,0.07388709083095325,-20.000009896587212,0.08379623274605338,-0.01629586143676662,0.07409242042087412,0.012707367401627704,0.06114123207209607,-20.00073874431034,0.07468016121848417,-0.02696375288224363,0.08107058797372649,-0.05812563177587204,0.07371522739859496,-0.0017671822237787895,0.05892335640139728,0.0,0.0,0.0,0.0,0.0
67,0,0.8816866601907086,8.391521197007481,20.541147132169577,0.20474541717956335,0.5043400089480737,0.07444463917977276,19.973295054811103,0.06381188375531639,0.9745565478365721,0.07332247200780338,-3.016389994597132,0.05910815217157073,3.0003073025741838,0.07187985490031626,-19.996439532859945,0.08332003022120361,-0.02118890574347041,0.07203983218550994,0.014564322049730391,0.061836172542938536,-20.001256983342557,0.07529030242852178,-0.02424094582114766,0.08079918439593166,-0.05534309851312286,0.0712532191548168,-0.0016734278997588639,0.05834932681590792,0.0,0.0,0.0,0.0,0.0
68,0,0.8817936590067055,7.85286783042394,20.69576059850374,0.20495257817505777,0.5027545982039409,0.07014042147452483,19.97227181502309,0.05994379241925511,0.9733022818574477,0.07089556742435733,-3.01661668568012,0.05783523129680247,3.001427218162105,0.07386825029660844,-20.003014775809216,0.08263687283831231,-0.022663594923280638,0.0739063996686775,0.017523450860770017,0.062039643602011224,-19.998264129576228,0.07236740031770326,-0.029655697649628037,0.08322884738134464,-0.05496496903658539,0.06533255614196216,0.00020097556746289129,0.0568724304871726,0.0,0.0,0.0,0.0,0.0
69,0,0.8802858770612534,7.942643391521197,20.723192019950126,0.20508814164081995,0.5054435363746687,0.06971296249192063,19.972286813354774,0.05743044701585651,0.973007483655155,0.0685894222363563,-3.017143023642655,0.05668991302347479,2.995577556522982,0.07077958395875616,-20.000845651561676,0.08356535960137888,-0.0251314284369806,0.0752086249625207,0.018050490054276416,0.0630382952576321,-20.00008604005652,0.07448231668458137,-0.021814716883806966,0.08628599798628107,-0.056373467247390965,0.0675348215166906,-0.0017884637035257486,0.054867274164937654,0.0,0.0,0.0,0.0,0.0
70,0,0.8827001599726094,7.541147132169576,20.413965087281795,0.2022725547017752,0.5073875068945255,0.06852341575925171,19.97506856604427,0.05249810615878933,0.9691162121172762,0.06661231791179523,-3.0195175872051023,0.05970046811222183,2.9930755603859893,0.06796013604246351,-19.99943144467239,0.08611247920142824,-0.024333145966174266,0.07786402920620139,0.018943667289065626,0.0617539283467899,-20.003222547705228,0.0734315781562756,-0.014606850651374027,0.09174770231909594,-0.05393607058432431,0.06470710437019753,-0.002859038342426592,0.05739132685392206,0.0,0.0,0.0,0.0,0.0
71,0,0.8826643787487545,7.6259351620947635,20.408977556109726,0.20150189458487563,0.506751362729444,0.07033968465820045,19.975824009634515,0.0529211597005406,0.9696738846852418,0.06891144768387748,-3.018700432538703,0.061889801316991476,2.9970505038858892,0.07013609886610248,-20.001285383843616,0.08529544741940115,-0.020578804379614648,0.08027660748302685,0.016833269782642813,0.06371640867516049,-20.003942517415464,0.07045281867469602,-0.014668346043612206,0.09008237092859925,-0.055369506017304976,0.06300741067544202,-0.0019106372989333238,0.05958227554812533,0.0,0.0,0.0,0.0,0.0
72,0,0.8843549599986732,7.975062344139651,20.384039900249377,0.20124460666279614,0.5045715970025756,0.07451416913712683,19.972662734905114,0.055467209464775125,0.9723822663305014,0.07322581141703803,-3.018466029037009,0.06023016760970545,2.9996965278602596,0.07173048564012091,-19.997813457090054,0.08442877806973802,-0.01466244905542491,0.0775714099411168,0.01581962004393219,0.06576305676751319,-20.00778144555622,0.07094234730119056,-0.016593178728812826,0.08773813977507862,-0.05985375501285841,0.06775035507283839,-0.0012910054018526879,0.059277032450027745,0.0,0.0,0.0,0.0,0.0
73,0,0.8845783166132485,7.9002493765586035,20.364089775561098,0.20212327829220325,0.4972993398739662,0.07057285849280343,19.974108973933006,0.057524131999230274,0.9693212715413737,0.07162605110325199,-3.0175292463593366,0.06403180981387686,2.997987230823464,0.07265502118122019,-19.99675342911947,0.08667442055638085,-0.00934517308729674,0.08238248875443531,0.00990475186282821,0.06269164721860376,-20.00806083623003,0.06805028104064312,-0.00964750557155935,0.08901447129033663,-0.06008256555251642,0.06655739194523735,-0.0021465524622240645,0.06002064283566471,0.0,0.0,0.0,0.0,0.0
74,0,0.8849693486562044,7.182044887780549,20.306733167082296,0.19885907778250178,0.49100085894615714,0.0693967152011763,19.975339417297562,0.054218987495724215,0.9638228065072435,0.06749275224591361,-3.013948908072075,0.0625510928699205,2.997143167987515,0.07360766222625578,-19.994842856487693,0.08878043874593522,-0.0029909797157667574,0.08170985199761303,0.007099601191239465,0.06045343826900128,-20.007342587484906,0.07165455987254274,-0.0057986400112005655,0.09072042263682979,-0.058703809924920185,0.06544312007163908,-0.0031664361757107007,0.06073638046852014,0.0,0.0,0.0,0.0,0.0
75,0,0.8897552572138866,7.26932668329177,19.860349127182044,0.1966038515803497,0.48983475358538137,0.07051958053007339,19.97447748883618,0.05603767192372684,0.9656634690059557,0.0662014316442199,-3.013554679851277,0.06141328963636328,2.9969161055428257,0.0738157512471181,-19.99566586818698,0.08850603800616905,-0.004334739399986757,0.08185681291254648,0.0058119312362363024,0.059392485962599016,-20.006960883305904,0.07197211253139323,-0.009652337107604703,0.08983838588149684,-0.057524313801846055,0.06600952420045435,-0.0013494989506188822,0.05936859049964251,0.0,0.0,0.0,0.0,0.0
76,0,0.8866291651381277,7.162094763092269,20.16209476309227,0.19894678722266945,0.490980262922919,0.06976884765292915,19.977081603964827,0.05136054692292913,0.9632862645886134,0.06719358782041278,-3.011992892960393,0.06068150441330768,2.9950539551126236,0.07506510382690239,-19.993438087092912,0.08948174380999128,-0.006830478771783257,0.08177228313052592,0.007882026170011958,0.060780932494971275,-20.00397442832966,0.07730055089482676,-0.009528301675545157,0.08814016828759323,-0.05423420792927116,0.06416662449719115,-0.0013725783754416343,0.05785304392525668,0.0,0.0,0.0,0.0,0.0
77,0,0.8886959180320874,7.276807980049876,20.049875311720697,0.19710642365603478,0.49364670404528616,0.06939498792407116,19.972627548580423,0.05283737836002619,0.9676515052530905,0.06821064593790149,-3.0151984267588645,0.06062004617273817,2.9970500267146227,0.07591670257711756,-19.996364031674176,0.08520989093135337,-0.008540492538838828,0.07618977041661895,0.008693712445866149,0.061375381193115267,-20.00696353366792,0.07602036634608639,-0.014329220959477777,0.0860812346704344,-0.05714285154966841,0.06608517689957663,-0.0022279148374889043,0.05775359994437727,0.0,0.0,0.0,0.0,0.0
78,0,0.8857651372712244,7.5785536159601,20.241895261845386,0.1995061485922992,0.49598392594607266,0.06815510291046335,19.978457452640438,0.049613182341446314,0.968140363675772,0.07181815083951805,-3.0142692849282784,0.062130611549632196,3.0002498416589,0.08295284900894935,-19.99576616502632,0.0868169978259332,-0.015204362958783746,0.07500649506223193,0.011443886622339212,0.062215398957844247,-19.99984909705684,0.07903691869988043,-0.016184422816182913,0.08975755987258002,-0.04659132024400605,0.06353788523325805,-0.005198184383824041,0.060447238334570226,0.0,0.0,0.0,0.0,0.0
79,0,0.8902339653016836,7.346633416458853,20.099750623441395,0.1958432649393152,0.49543850944552786,0.07133892482449143,19.98034462584095,0.0464011743309445,0.969316224707151,0.07539198990307501,-3.009207642238962,0.06162848580312622,3.0047713849350313,0.08400825029205514,-19.995897540712004,0.08532931286715331,-0.009920869782548813,0.07734703073242824,0.007499034513938392,0.06176904493376447,-20.00536293796922,0.07806143529451473,-0.019364830927318933,0.09073508766259389,-0.04743035079129254,0.061112161905778214,-0.0018390460537500775,0.06035752325617189,0.0,0.0,0.0,0.0,0.0
